ID,Name,Category,Age,Count,Article
746,이하늬,배우,37,81.0,"이하늬, 크롭트 톱 입고 복근 공개…숨길 수 없는 건강미	머니투데이
이하늬, 독보적인 건강미 [화보]	스포츠동아
이하늬, 싱그러운 건강미 물씬…민낯도 자신있게	조이뉴스24
이하늬 셀카 사진 속 건강미 넘친 미소…""영국 아닌 한국 지방 촬영 중""	데일리한국
이하늬, 독보적 건강미..청바지만 입어도 ‘섹시’	MK스포츠
이하늬, 롱패딩 입고도 섹시..건강미 뽐내	이데일리
이하늬, 내츄럴한 의상·독보적인 건강미…교토 화보	국제신문
이하늬 화보, 청바지만 입어도 섹시 “독보적 건강미”	서울신문
이하늬 교토 화보, 건강미 넘치는 섹시함[포토엔]	뉴스엔
배우 이하늬, 건강미 넘치는 화보 공개	세계일보
배우 이하늬 독보적인 건강미의 교토 화보 공개!	국방일보
[화보] 이하늬, 래쉬가드 입고 건강미 발산 '상큼'	뉴스1
이하늬, 래시가드로 ‘건강미 뽐내’… 특유의 미소까지	동아일보
[SW포토] 이하늬, 독보적 건강미	스포츠월드
이하늬, 교토 화보 공개…독보적 건강미	스페셜경제
[포토] 이하늬, 건강미 넘치는 비키니 자태 ‘시선 강탈’	서울신문
이하늬, 건강미 넘치는 수영복 자태 '눈길'	월요신문
이하늬, `건강미 넘쳐~` [MBN포토]	MBN
이하늬, 여름 해변에서…건강미 넘치는 수영복 화보	매일경제
[화보] 이하늬, 건강미 넘치는 래쉬가드 자태	스포츠경향
[스타패션] 이하늬, 대체불가 건강미…해변의 여신으로 변신	스포츠경향
이하늬, 건강미 넘치는 래시가드 화보 '시선강탈'	스포츠서울
이하늬, 롱패딩으로도 가릴 수 없는 독보적인 건강미 [화보]	스포츠동아
이하늬, 비치웨어 모델 발탁 '건강미 물씬' [화보]	엑스포츠뉴스
배우 이하늬 화보 공개… 건강미 넘치는 섹시함	서울신문
[포토엔HD] 이하늬 ‘건강미 넘치는 보디라인’	뉴스엔
[OBS포토] 이하늬, 건강미 넘치는 매력	OBS
명동 들썩이게 만든 이하늬 ‘국보급 건강미’ 자태	스포츠경향
이하늬, 건강미 넘치는 완벽 바디라인[화보]	헤럴드POP
이하늬, 미스코리아의 건강미 넘치는 레깅스 핏	스포츠서울
이하늬 코사무이, 건강미 섹시미 한번에…극강 비주얼	헤럴드경제
이하늬, 롱패딩도 가릴수 없는 독보적 건강미[포토엔]	뉴스엔
'건강미의 대명사' 이하늬, 화보서 탄탄한 복근+애플힙 공개	한국경제
[포토] 이하늬, 건강미 넘치는 미모!	스포츠조선
[화보] 이하늬, 수영복 화보서 빛난 건강미..미모폭발	OSEN
[경향포토]로봇 소리 이하늬, 건강미 넘치는 발걸음	경향신문
이하늬, 르까프 2014 봄 화보에서 건강미 자랑해	스포츠조선
이하늬 '이것이 진정한 건강미'(화보)	문화뉴스
[포토엔HD] 이하늬 ‘가죽초미니에 드러난 건강미 넘치는 각선미~’	뉴스엔
""어머님이 누구니""...배우 이하늬, 섹시한 건강미	스포츠서울
이하늬, 누구나 부러워할 건강미	서울경제
이하늬, `건강미 넘치는 S라인` [MBN포토]	MBN
[포토] 이하늬, '건강미 넘치는 모습으로 등장~'	스포츠조선
이하늬, 언더웨어 최장수 모델 기록…역시 건강미 지존	스포츠동아
[브릿지포토] 배우 이하늬, 영상을 통해 숨길 수 없는 건강미 발산	브릿지경제
이하늬, 육감적이고 건강미 넘치는 속살 '화들짝'	일간리더스경제
이하늬, 건강미 가득 수영복 자태 빛나는 바디라인' [화보]	엑스포츠뉴스
이하늬 화보 촬영...특유의 건강미 발산	국제신문
이하늬, 건강美 넘치는 일상 …""많이 웃는 주말 보내세요"" [★해시태그]	엑스포츠뉴스
'겟잇뷰티' MC 이하늬, 섹시 골반댄스 '건강미 폭발'	엑스포츠뉴스
이하늬, 래시가드입고 명품몸매 자랑...건강미란 이런 것 [화보]	마이데일리
이하늬, 식물성 음료 새 모델 발탁 '건강미 통했다'	뉴스1
‘미스코리아 위엄’ 이하늬, 건강미 넘치는 근황	한국일보
다 가진 여자 이하늬, 래쉬가드 화보로 건강미 과시	스포츠서울
이하늬, '건강미 넘치는 화보' 공개	스타데일리뉴스
뮬라웨어 이하늬 모델로 발탁 건강미 뿜뿜	국제신문
여성들의 워너비 이하늬, 건강미 넘치는 화보로 ‘시선강탈’	MBN
이하늬, 건강미 넘치는 뒤태 자랑 [MK포토]	MK스포츠
이하늬, 이것이 건강미다..'꿀피부' 화보	스타뉴스
[HD+] 이하늬, 래쉬가드 화보로 건강미 발산	스타데일리뉴스
이하늬, 래쉬가드 화보..밝은 미소+건강미 `심쿵`	이데일리
TS착한치약, 단아하고 건강미 넘치는 배우 이하늬 모델로 발탁	스포츠서울
이하늬, 숨길 수 없는 건강미 '탄탄'	데일리안
[2017 MAMA] 이하늬, 절개 드레스 입고 ‘건강미 발산’	스포츠동아
이하늬, 숨막히는 래쉬가드 화보 공개…'진정한 건강미란 이런 것!'	시사위크
이하늬, 비키니 수영복으로 뽐낸 건강미 [화보]	엑스포츠뉴스
이하늬, 올해 최초 수영복 화보 '독보적인 건강미'	enews24
[HS포토] 이하늬, 건강미 넘치는 발걸음	한스경제
[화보] 이하늬, 탄탄한 바디라인 빛난 수영복 화보..‘건강미’	OSEN
이하늬, 건강미 넘치는 래쉬가드 몸매…시선싹쓸이 [화보]	스포츠동아
눈길 사로잡는 건강미 발산한 이하늬, 보기만 해도 시원해지는 워터 피트니스...	브릿지경제
'겟잇뷰티' 이하늬, MC 발탁 기념 골반댄스 '건강미 폭발'	enews24
이하늬, 다채로운 콘셉트의 수영복 화보 공개...건강미로 ‘시선 강탈’	국제신문
이하늬 독보적 건강미 이룬 다이어트 비법은?	브릿지경제
이하늬, 팬사인회에서도 숨길 수 없는 ‘건강미’ 발산	마이데일리
이하늬, 독보적인 건강미	스타뉴스
이하늬, 골프웨어 까스텔바쟉과 건강미 넘치는 스타일링	스포츠월드
이하늬, 건강미의 비결은 스마일과 채식	e대한경제
[NW포토]로봇 소리 이하늬, ‘건강미 넘치는 비주얼’	뉴스웨이
[브릿지포토] 아몬드 브리즈 뮤즈 이하늬, '건강미 넘치는 몸매'	브릿지경제
이하늬, 건강미 넘치는 화보로 시선강탈...뜨거운 남국의 태양 아래서	부산일보
"
6,효린,가수,29,63.0,"효린, 'SAY MY NAME' 첫 뮤비티저 공개 예고…'건강미 폭발' 퍼포먼스 기대	RPM9
효린, 구릿빛 피부에 건강미 넘치는 복근까지...'독보적 섹시미'	MBN
효린, 독보적 건강미美 [화보]	스포츠동아
효린 ‘바다보러갈래’, 오늘(20일) 공개…‘건강미 넘치는 섹시美’	MBN
‘섹시 디바’ 효린, 건강미 넘치는 화보	서울신문
'원조 썸머퀸' 효린, '바다보러갈래'로 컴백 '건강미 넘치는 섹시美' 대방출	조이뉴스24
효린 지코 팔로알토, ‘효린 건강미 넘치는 갈색톤 뒤태…헉’	한국경제TV
씨스타 효린, 건강미 넘치는 근황 공개…탄탄 등근육 ‘눈길’ [스타★샷]	스포츠월드
효린, 언더웨어 화보서 건강미 자랑...""최근 운동량 늘려""	이데일리
효린 지코 팔로알토, ‘핫팬츠 입고 쩍벌…건강미 폭발’	한국경제TV
‘홀로서기’ 효린, 화장품 모델로 발탁..건강미 과시	MK스포츠
‘섹시 디바’ 효린, 볼륨 넘치는 건강미 [화보]	매일경제
[포토] 씨스타 효린 '건강미 돋보이는 구리빛 피부'	한국경제
[포토]씨스타 효린, 건강미 발산	이데일리
효린, 홀러서기 후 첫 화장품 브랜드 모델 발탁...천연 건강미 발산	텐아시아
[포토] 씨스타 효린 '섹시한 건강미 발산'	스포츠조선
효린 꽃게춤 한때는 건강미의 상징…달리 춤사위와 견줄만한 민망함	일간리더스경제
[포토]아디다스 매료시킨 효린, 건강미와 섹시 사이	이데일리
[SS포토] 멜론뮤직어워드, 효린 '건강미 넘치는 미소'	스포츠서울
씨스타 효린 건강미 넘치는 오키나와 화보	스포츠서울
[포토엔]씨스타 효린 ‘건강미 넘치는 미소~’	뉴스엔
더 예뻐진 효린, 따라올 자 없는 건강미	매일경제
씨스타 효린, 화보 통해 건강미 넘치는 서퍼걸 변신 ‘시선집중’	한국경제
효린 `건강미 넘치는 미소` [가요대축제]	MBN
[화보] 효린, 역시 건강미 최고..핫한 매력	OSEN
씨스타 효린, `넘쳐 흐르는 건강미` [MBN포토]	MBN
[포토] 씨스타 효린 '시선 집중 시키는 건강미'	한국경제
[SS포토] 컴백 씨스타 효린 '건강미 넘치는 모습	스포츠서울
[포토] 씨스타 효린 '건강미 돋보이는 구리빛 보디라인'	한국경제
효린 핫팬츠로 뽐낸 옆태, 건강미 넘치는 각선미	뉴스엔
효린 `건강미 넘치는 미소` [MK포토]	MK스포츠
'씨스타' 효린, 건강미 넘치는 얼굴!	서울경제
효린, 건강미 넘치는 매력으로 뽐내... 화장품 광고까지 접수	민중의소리
[경인포토]씨스타 효린, 건강미 넘치는 구릿빛 피부 '아찔'	경인일보
[SK포토]씨스타 효린, 건강미 넘치는 각선미	스포츠경향
효린 꽃게, '효린 꽃게춤'이란?...다소 민망하지만 군살 하나 없는 단단한 허...	내외뉴스통신
[포토] 씨스타 효린, 변함없는 건강미	매일경제
효린, B컷 화보 공개..섹시 & 건강미	OSEN
[경인포토]씨스타 효린, 건강미 넘치는 바디라인 '아찔해'	경인일보
[포토] 씨스타 효린, 건강미 넘치는 각선미!	OBS
[SK포토]씨스타 효린, 끊임없이 드러나는 건강미	스포츠경향
효린, 건강미 넘치는 몸매로 '한국의 비욘세' 인증	데일리안
""건강미 넘치는 보디라인"" 효린, 섹시미로 시선 집중	스포츠서울
[포토] 효린, 건강미 넘치네'	서울경제
[경인포토]씨스타 쇼케이스 효린, 건강미 넘치는 구릿빛 피부	경인일보
[SK포토]씨스타 효린, ‘내가 바로 건강미의 여왕’	스포츠경향
가요대제전 에일리 효린 제시, 가슴 뚫리는 사이다 무대 ""건강미 넘쳐""	한국경제TV
[bnt포토] 씨스타 효린 '건강미 돋보이는 핫바디'	bnt뉴스
[SS포토] 효린, 건강미 넘치는 걸음	스포츠서울
[bnt포토] 씨스타 효린, 건강미 넘치는 웃음	bnt뉴스
[포토] 씨스타 효린, '걸그룹 최고의 건강미!'	아주경제
효린 `건강미 넘치는 핫바디` [MBN포토]	MBN
[뉴스핌 포토] 씨스타 효린, ‘섹시한 건강미 뽐내며!'	뉴스핌
씨스타 효린, 농염한 건강미 뽐낸 화보 공개	OSEN
씨스타 효린 `건강미 가득` [MBN포토]	MBN
[포토] 씨스타 효린 '건강미 돋보이는 구리빛 각선미'	한국경제
씨스타 효린 화보 공개..섹시+건강미 매력 여전	스타뉴스
효린 B컷, 섹시한 건강미란 이런 것..네티즌 ""역시""	OSEN
[NW포토]씨스타 효린, 미소에도 건강미 넘치네~	뉴스웨이
효린 B컷 화보…건강미와 발랄함, 섹시함까지 다 잡았다	JTBC
[mk포토] 효린 애국가 제창, 건강미 넘치는 옆라인	매일경제
씨스타 소유 vs 효린, 스포티룩 대결… 섹시+건강미	스포츠동아
효린 `건강미 넘치는 구리빛 와인드업` [MK포토]	MK스포츠
"
1477,설현,가수,25,54.0,"AOA 설현, 농심 '켈로그' 모델 발탁…""건강미 대표 이미지 부합""	RPM9
설현 화보 촬영 비하인드컷 공개…운동 욕구 일으키는 건강미 여신	데일리한국
설현, 당당한 건강미로 다채로운 매력 발산	한국경제TV
AOA 설현, 청순-건강미 넘치는 여신 [화보]	서울경제
건강미 넘치는 탄탄한 복근을 가진 스타 4위 설현, 2위 비… 1위는?	디지틀조선일보
설현, SNS로 건강미 넘치는 복근 공개	스포츠경향
AOA 설현, 청순-건강미 넘치는 뷰티화보 공개	MBC연예
설현, 청순·큐티·섹시 매력 속 건강미 발산	이데일리
AOA 설현, 청순-건강미 넘치는 뷰티화보 공개	국방일보
AOA 설현, 청순함+건강미 다했다[화보]	헤럴드POP
[★포토]AOA 설현, 청순-건강미 넘치는 뷰티화보 공개	스포츠서울
AOA 설현, '건강미 가득한 미소'	서울경제
설현, '당당한 건강미' 뷰티헬스케어 화보 공개	스포츠서울
[화보] 설현, 건강미 넘치는 보디라인···당당한 매력 발산	서울경제
“독보적 허리라인” 설현, 화보 속 건강미 넘치는 복근	서울신문
대세모델 설현, 건강미의 여신으로 변신	스포츠경향
설현, 오늘도 예쁨 최고치 경신 ‘청순+건강미 폭발’[포토엔]	뉴스엔
설현, 당당한 건강미 넘치는 화보 공개	글로벌경제
AOA 설현, 청순·건강미 다 갖춘 진정한 뷰티 여신 [화보]	엑스포츠뉴스
설현 화보, '청순+건강미' 다 되는 뷰티 여신	enews24
설현 '건강미 넘치는 미소'[엑's HD포토]	엑스포츠뉴스
설현, 건강미+자신감..브랜드 이미지 ‘부합’	국방일보
AOA 설현, 청순·건강미 넘치는 뷰티화보 공개 '눈길'	세계일보
AOA 설현, 건강미 넘치는 모델 화보로 ""봄소식 알리다""	세계일보
AOA 설현, 탄탄 보디라인으로 건강미 과시	스포츠조선
설현 뷰티헬스케어 모델 발탁, “건강미+자신감”	마이데일리
'컴백' AOA, 설현 '건강미 발산'	이데일리
[MD포토] 설현 '건강미 넘치는 구릿빛 미소'	마이데일리
AOA 설현 화보, 청순-섹시 넘나드는 매력 ‘돋보이는 건강미’	한국경제
설현 청바지 모델로 건강미 발산	텐아시아
설현, 광고컷 공개.. 도심 속 러닝 '건강미 발산'	이데일리
AOA 설현, 청순-건강미 넘치는 뷰티화보 공개	마이데일리
[bnt포토] AOA 설현 '건강미 넘치는 보디라인'	bnt뉴스
'비결이 뭐예요?'..AOA 설현, 건강미 넘치는 보디라인 [화보]	한스경제
설현, AOA 컴백 티저 사진 공개 ""건강미 넘치는 해양구조대""	헤럴드POP
AOA 설현, 청순-건강미 넘치는 뷰티화보 공개	지피코리아
AOA 설현 ‘건강미 넘치는 핫팬츠 각선미’[포토엔HD]	뉴스엔
설현, 달리기만 해도 떨어지는 섹시함 ‘건강미 발산’	스포츠서울
[스타포토]AOA 설현, 시선강탈 진 화보 공개…'압도적 건강미' 발산	스포츠서울
설현, 복근 드러내고 도심 속 러닝…건강미에 ‘시선집중’	스포츠동아
AOA 설현, 청순 미모+건강미 담은 뷰티 화보 공개	서울와이어
[★화보] 설현, 건강미 넘치는 몸매 '에너지 뿜뿜'	머니S
‘베이글녀’ 설현, 시선강탈 진 화보 공개…압도적 건강미 발산	한국경제TV
설현 맥스무비 화보, 건강미 넘치는 섹시한 매력 '물씬'	머니투데이
글램디, 건강미 넘치는 설현 화보 공개	머니S
설현 지난해 이어 청바지 브랜드 모델 재발탁 ‘압도적인 건강미’	스포츠경향
설현, 건강미 넘치는 환한 미소 '정글 여신'	엑스포츠뉴스
[bnt포토] AOA 설현 '건강미 돋보이는 건치 미소'	bnt뉴스
설현, 올림머리 하고 쉬크한 표정..'건강미 넘쳐'	스타뉴스
[포토엔]AOA 설현 ‘건강미 넘치는 탄력각선미~’	뉴스엔
AOA 설현, 건강미 물씬 구릿빛 피부	스포츠한국
AOA 설현, 청바지 모델 재계약…건강미 '물씬'	데일리안
설현, 뷰티헬스케어 브랜드 모델 화보 공개	국방일보
설현, 건강미 대신 신비로운 성숙한 여인으로 완벽 빙의	마이데일리
"
1487,선미,가수,28,53.0,"선미 '보라빛 밤' 티저 공개, 스윔수트 입고 뽐낸 건강미	한국경제
‘8kg 증량’ 선미, 50kg 인증…건강미 UP	헤럴드경제
8Kg 늘린 선미, 건강미 '뿜뿜'(화보)	텐아시아
8KG 늘린 선미, 건강미 넘치는 '날라리' 퍼포먼스[카메라톡스]	스포츠서울
선미, 8㎏ 늘리고 몸매 ‘탄탄’.. 컴백 앞두고 건강미 더해진 수영복 사진 공...	세계일보
선미, 수영복 자태 공개...8kg 증량 후 건강미UP	YTN
'8kg 증량' 선미, 50kg 인증..더해진 건강미에 응원UP[★NEWSing]	스타뉴스
선미, 몸무게 50kg 인증샷 공개…건강미 '물씬'	머니투데이
50kg대 접어든 선미, 건강하고 탄탄해졌다…수영복 입고 건강미 발산	스포츠경향
선미 50kg 돌파…누리꾼 “건강미 넘치는 모습 아름다워” 응원	MK스포츠
선미, 몸무게 8kg 증량 후 더욱 아름다워진 건강미	헤럴드POP
선미, 다시 찾은 건강미 [MK화보]	MK스포츠
선미, 체중 증량 성공 후 50kg 인증샷 공개…건강미 UP	YTN
선미, 8kg 증량으로 건강미 과시 ""마른 몸매 걱정 NO"" [종합]	엑스포츠뉴스
선미, 체중 증량 후 넘치는 건강미..자신감 가득	스타뉴스
'8kg증량' 선미, 50kg 몸무게 인증…'눈에 띄는 건강미' [SNS컷]	스포티비뉴스
선미, 건강미 넘치는 근황...""운동이 너무 재밌어""	뉴스컬처
선미, 8kg 증량 건강미↑→8월 말 자작곡 컴백..5연타 흥행 이어갈까 [종합]	OSEN
선미 체중 증가, 건강미 강조를 위한 소속사측의 조치	IT조선
선미, 건강미 때문에 체중 증가…‘여전히 마른 몸’	MBN
선미 체중 증가, ""건강미와 여성미 살리기 위해""	조세일보
'8kg 증량' 선미, 레드립+볼륨 몸매로 완성한 섹시함...건강미에 '엄지 척'	헤럴드POP
'살 찌워 50 kg 달성' 선미, 건강미 넘쳐진 오늘자 사진	위키트리
선미, 건강미 넘치는 매력 발산	경남데일리
선미, 몸무게 50kg 돌파 인증샷 공개.. “업그레이드된 건강미로 생기 뿜뿜”	뉴스투데이
선미, 증량으로 만든 건강미	스포츠한국
[POP이슈]'8kg 증량' 선미, 50kg 달성 인증→마른 몸매 탈피..건강미 향한 응...	헤럴드POP
선미 체중 증가, 솔로 활동 앞두고 5kg 늘려… ""건강미 보여줄 것""	경인일보
'아는형님' 선미, '건강미' 칭찬에...""죽겠다 싶어 41kg→50kg 찌웠다""	뉴스인사이드
선미 체중 증가, 건강미 위해…5kg 찌우기에 '24시간이 모자라'	경기일보
선미, 탱크톱 입고 복근 공개 '빼빼한 건강미'	enews24
선미 체중 증가, 건강미 위해 살 찌워서 43kg? 말랐다..	충청일보
선미, 밀착 바이커 쇼츠+운동화 매치…건강미 '물씬'	머니투데이
선미 체중 증가, 컴백 앞두고 건강미 위해 '5kg 늘려'	엑스포츠뉴스
선미, 하늘색 미니 원피스 입고 미소…체중 증량으로 '건강미' 폭발 [SNS컷]	스포티비뉴스
'8kg 증량 후 건강미까지 얻은 선미'[엑's HD포토]	엑스포츠뉴스
선미, 몸무게 50kg 달성 인증샷 보니… '건강미 물씬'	메트로신문
선미 50kg 달성→물오른 건강미…누리꾼 응원 “섹시+귀염 다 갖춘 선미”	MBN
[포토] 선미, '건강미 넘치는 아름다움'	한국경제
선미, 여름 강타할 美친 건강미…시크+섹시 폭주 [화보]	스포츠동아
선미, 몸무게 50kg 돌파 인증샷 공개..""건강미 넘쳐""	F.E타임스
'8kg 증량' 선미, 건강미 넘치는 꽃받침 셀카 [★해시태그]	엑스포츠뉴스
선미, 한층 물오른 미모..""증량 후 건강미 뿜뿜""	헤럴드POP
선미 체중, “원걸 때 38kg, 건강미 위해 체중 늘렸다”	이데일리
선미, 컴백 위해 체중 증가, 건강미+여성미 ↑	머니투데이
선미 체중, “원걸 때 38kg 보다 5kg 늘려…여성미 건강미 위해”	스포츠조선
선미 솔로 캠백, 건강미 위해 체중 늘렸다더니‥	헬스조선
선미 체중, 컴백 앞두고 건강미 살리기 위해 늘렸다 '눈길'	서울경제
선미 체중 증가, “건강미 위해 38kg에서 43kg으로…”	강원일보
선미 체중 증가, ""건강미와 체력 위한 것 … 원걸 땐 40kg 못 미쳐""	스포츠월드
'8kg 증량' 선미, 50kg 몸무게 인증 '건강미 물씬 이유 있었네'[★SNS]	enews24
선미 체중 중가, 5㎏에 건강미와 여성미 담았다	국제신문
선미 '건강미와 함께 찾아온 리즈 미모'[엑's HD화보]	엑스포츠뉴스
"
1460,소유,가수,28,52.0,"소유, 신곡 '가라고' 안무 영상 공개…탄탄한 건강미	뉴스1
소유, 나이 29살 싱글녀의 건강미 넘친 일상은? ‘온앤오프’ 출격	더리더
소유, 신곡 ‘가라고’ 깜짝 스포… ""건강미 있는 느낌 강조""	이데일리
소유, 신곡 기습 스포일러 “태닝 도전, 건강미 살리고파”	뉴스엔
소유 '넘치는 건강미'	뉴스1
소유, '가라고' 안무영상 건강미 발산	MBC연예
[포토] 소유, '구릿빛 건강미 과시'	한국경제
소유, '가라고' 연습실 영상 공개…탄탄한 건강미·걸 크러쉬 매력 폭발	마켓뉴스
소유, 신곡 ‘가라고' 안무 영상서 ‘걸 크러쉬 매력’ 폭발..탄탄한 건강미	OSEN
[포토] 소유, 건강미의 아이콘	MBC연예
소유, 신곡 ‘가라 고’ 트랙리스트 오픈..건강미 넘치는 각선미+감각적 연출	OSEN
[포토] 소유, 편한 차림에도 돋보이는 건강미	MBC연예
[MD포토] 소유 '데뷔 10년, 변함없는 건강미'	마이데일리
소유, 건강미 넘치는 구릿빛 복근 드러내고~[포토엔HD]	뉴스엔
소유 나이, 29세 깨달은 건강미 ""마른건 안 어울려""('온앤오프')	데일리한국
소유, 풋풋 ‘Push Push’→ HIP&건강美 ‘GOTTA GO’까지 [이남경의 ARS]	MBN
소유, 건강미의 대명사 [화보]	스포츠경향
소유, 새 싱글 ‘GOTTA GO’ 크레딧 티저 공개…'건강미&당당함' 눈길	RPM9
나혼자산다 소유, 건강미 넘치는 모습 화제	한국경제TV
소유, 발리서 뽐낸 수영복 자태…건강미 '물씬'	머니투데이
[포토] 씨스타 소유 '시선 사로잡는 건강미'	한국경제
소유, 섹시한 건강미 뽐내며 수상스키 '男회원 탄성'	스포츠조선
소유 `건강미 넘치는 뒤태` [MBN포토]	MBN
씨스타 소유 `건강미 넘쳐~` [MBN포토]	MBN
[포토] 씨스타 소유 '운동으로 건강미 넘치는 각선미'	한국경제
소유, 인도양 모리셔스 화보..백사자와 함께 '독보적 건강미'	스타뉴스
소유 '흘러넘치는 건강미'[엑's HD포토]	엑스포츠뉴스
‘핫보디’ 소유, 건강미 넘치는 모습	서울신문
'나혼자산다' 소유, 수준급 수상스키 실력 공개 '건강미 발산'	스포츠조선
'나 혼자 산다' 소유, 섹시한 건강미 뽐내며 수상스키… 멤버들 '환호'	경인일보
씨스타 소유, '나혼자 산다'서 수상스키 실력+건강미 과시	이데일리
‘토크몬’ 소유, 셀프 폭로 “건강미 비키니 화보, 알고보면 포샵”	MK스포츠
나혼자산다 소유, 수준급 수상스키 실력 과시...건강미 ‘물씬’	메디컬투데이
‘나혼자산다’ 소유, 건강미 넘치는 뒤태…육중완 ‘화들짝’	헤럴드POP
씨스타 소유, `건강미 넘치는 미모!` [MBN포토]	MBN
소유, 건강미 넘치는 화보 공개	뉴시스
소유, 앉아만 있어도 화보...건강미 넘치는 각선미	스포츠서울
소유, 완벽한 자태 뽐내는 건강미	시사포커스
씨스타 소유 `건강미 넘치는 보디라인` [MBN포토]	MBN
소유 `건강미 넘치는 각선미` [MK포토]	MK스포츠
씨스타 소유, 건강미 넘치는 화보 공개 ""실물이 훨씬 괜찮죠?""	충청일보
‘나 혼자 산다’ 소유, ‘탄력 허벅지’ 건강미 최고 ‘수상스키 실력은?’	스포츠조선
소유,건강미넘치는 핫보디 ""건강에 좋은 음식과 자세교정운동""	스포츠서울
씨스타 소유, 넘치는 건강미	스포츠한국
씨스타 소유, 시원한 의상으로 건강미 발산..`런닝맨` 멤버들 들썩	이데일리
나혼자산다 소유, 수상스키 실력 과시 '건강미 발산'	뉴스1
[포토] 씨스타 소유 '건강미 넘치는 라인'	파이낸셜뉴스
씨스타 소유, 다솜 컴백화보 공개 ‘건강미 넘치는 섹시함’	스포츠경향
'나혼자 산다' 소유, 능숙한 수상스키 실력 '건강미'	스타뉴스
[동아포토]씨스타 소유 ‘건강미 넘치는 악녀보디~’	스포츠동아
씨스타 다솜 VS 소유, ‘건강미 넘치는 극과극 각선미 대결’	세계일보
씨스타 소유 vs 효린, 스포티룩 대결… 섹시+건강미	스포츠동아
"
882,이시영,배우,38,49.0,"[오마이포토] 'SF8' 이시영, 건강미 국가대표	오마이뉴스
이시영, 흑백 뚫고 나오는 걸크러시…만능 운동러의 건강미	헤럴드POP
이시영, 반바지로 뽐낸 탄탄한 각선미 ‘건강미는 덤’ [SNS★컷]	뉴스엔
이시영, 반바지로 뽐낸 건강미…소유진 ""예쁜 시영이""	아시아경제
[E포토] 이시영, '건강미 넘치는 미소'	SBS funE
이시영, 건강미 넘치는 일상 ""너무 멋진 수락산"" [★해시태그]	엑스포츠뉴스
이시영, 등산으로 건강미 넘치는 일상 ""마스크는 썼지만 행복""	헤럴드POP
[포토] 이시영, '건강미 넘치는 그녀'	한국경제
이시영, 건강미란 이런 것 ‘탄탄 각선미+밝은 미소’ [SNS★컷]	뉴스엔
이시영, 수락산 암벽 등반까지..건강미 넘치는 일상 [★SHOT!]	OSEN
이시영, 감탄 절로 나오는 '명품 식스팩'..넘사벽 건강미	스타뉴스
이시영, 트레이닝 레깅스에도 군살 제로 몸매 '부러운 건강미'	헤럴드POP
오늘(8일) 'SF8' 제작보고회 등장한 이시영, 복싱으로 다져진 건강미!	위키트리
이시영, 건강미 넘치는 미소 [KBS 연기대상]	MK스포츠
이시영, 운동으로 다진 탄탄 몸매..기럭지+건강미 독보적	헤럴드POP
이시영, 독보적 건강미…등산복 입고 군살제로 몸매 자랑	헤럴드POP
이시영, 운동으로 완성한 극세사 몸매..'탄탄 건강미'[★SHOT!]	OSEN
이시영 '건강미 넘치는 미소'[엑's HD포토]	엑스포츠뉴스
이시영, 건강미 넘치는 운동홀릭 근황...""오늘은 청계산""	인천일보
이시영, 건강미 넘치는 몸매 뒤 고충 ""요즘 막연히 운동 싫다""	헤럴드POP
이시영, 꽃샘 추위에도 반팔 패션..'운동으로 다진 건강미'[★SHOT!]	OSEN
이시영, 절친 소유진과 등산..건강미 넘치는 늘씬 몸매 '감탄'	헤럴드POP
[포토] 이시영 '초미니 스커트에 건강미가~'	스포츠조선
이시영, 탁구로 건강미 뿜뿜..""다음주 탁구 시합""	스타뉴스
이시영, 휴일에도 등산 삼매경… 이유 있는 건강미 스타 [SNS★컷]	뉴스엔
이시영, 건강미 넘치는 워킹! (인천공항 출국)	서울경제
'골든크로스' 이시영, 런닝 머신 포착 '건강미 물씬'	OBS
[T포토] 이시영 '건강미 넘치는 등장'	TV리포트
이시영, 탄탄 수영복 자태... 복서 출신의 건강미	TV리포트
'파수꾼' 이시영, 마라톤 참가하며 건강미 발산	서울경제
'아신부' 이시영, 탄탄한 건강미 발산 '매력만점'	엑스포츠뉴스
[포토] 이시영 '건강미 넘치는 초미니 패션'	스포츠조선
'언니' 배우 이시영 근황… 건강미 넘치는 일상샷 '상큼 미소'	경인일보
‘아름다운 나의 신부’ 이시영, 건강미 가득한 비하인드 컷 공개	헤럴드POP
건강미 대명사 이시영 올여름 광고여신 예감	스포츠서울
‘진짜 사나이2’ 이시영, 수수한 민낯 속 빛나는 건강미 “체력이 국력”	스포츠경향
[MD포토] 이시영 '남다른 건강미 발산'	마이데일리
'아름다운 나의 신부' 이시영, 땡볕 촬영에도 건강미 넘치는 눈웃음	뉴데일리
‘인천AG’ 성화봉송 주자 클라라 동준-홍보대사 이시영 ‘건강미’	OSEN
이시영, 손인사까지도 건강미 넘치는 그녀 [MK포토]	MK스포츠
이시영, 건강미 넘치는 의상으로 '시선집중' (SF8 제작발표회)	스냅
이시영, 복싱 훈련 중 한 컷 '건강미 가득'	텐아시아
이시영 근황, 복싱으로 다져진 몸매로 건강미 과시	MBN
예비엄마 이시영 근황 포착 ‘뒤태마저 건강미 물씬’	뉴스엔
[포토] 이시영, 건강미 넘치는 청순 미모!	스포츠조선
이시영, 건강미 넘치는 민낯…""운동하러 가고 있습니다""	머니투데이
“걸어서 경기도-강원도 거리” 이시영, 명성산 정상서 찰칵 [SNS★컷]	뉴스엔
이시영, 건강미 넘치는 등산 인증샷 ""오늘 정말 열심히 했다""	경남데일리
이시영, '건강미 가득한 모습'	서울경제
"
1127,유이,배우,32,46.0,"유이, 피트니스 콘텐츠 구독자 수 10만 돌파..건강미 넘치는 행보	헤럴드POP
‘나 혼자 산다’ 유이, 건강미 폭발하는 폴댄스 공개	국민일보
유이, 티셔츠+레깅스 조합이 이렇게 잘 어울리다니…‘건강미’ 넘치는 근황	세계일보
[화보IS] 유이, 운동으로 완성한 탄탄한 건강미	일간스포츠
[오마이포토] 'SF8' 유이, 건강미 넘치는 미소	오마이뉴스
유이, 운동으로 완성된 완벽 S라인 '건강미 발산'	뉴스1
유이, 탄탄한 바디라인 드러내는 건강미 넘치는 화보 공개	MBC연예
[화보] 유이, 파격 세미 누드로 뽐낸 건강미	미디어펜
유이, 아름다운 보디라인+건강미...세미누드 화보 공개	YTN
유이, 아찔+과감한 화보 통해 폴댄스로 다져진 건강미 발산	MBC연예
유이, 완벽하게 되찾은 건강미..인형 같은 제주 소녀 [화보]	OSEN
'나혼산' 유이, 건강미 폭발 파워 폴댄스→숨겨온 솔직한 속내까지 [Oh!쎈 예...	OSEN
배우 유이, 건강미 넘치는 행보 눈길	오가닉라이프신문
유이, 몸매 이정도였어? 탄탄한 건강미	텐아시아
유이 ‘유이의 라스트핏’ 메인 MC 발탁 ‘건강미 넘치는 행보’	뉴스엔
유이, 핫보디 아이콘의 아름다운 건강미(화보)	뉴스컬처
유이, 바다 앞 여유로운 미소 ‘건강미’ 뿜뿜 [SNS★컷]	뉴스엔
유이, 거식증 루머 심경고백→'파격' 세미누드 공개→건강美 발산[종합]	엑스포츠뉴스
유이, 요가로 다져진 건강미…""나를 사랑해주는 것이 건강한 삶""	MBN
'나 혼자 산다' 유이, 폴댄스로 탄탄한 몸매+건강미 과시	톱데일리
유이, 과감한 세미 누드…아름다운 건강美 [화보]	TV리포트
'나 혼자 산다' 유이, 건강미 폭발하는 풀 파워 폴 댄스! 파워는 완성! 유연성...	엔터미디어
유이 파격 화보, 아찔 세미누드 공개…청순 미모+절제된 건강미 발산	글로벌이코노믹
[화보] 유이, 공개된 화보 속 남다른 건강미 눈길	내외뉴스통신
유이, 꿀벅지 레전드 다운 핫 바디 공개...건강미 넘치는 싱글즈 7월 호 커버	한국면세뉴스
유이, 깡마른 몸매에도 살아있는 '건강미'[★SHOT!]	OSEN
유이, 몸매 고민·상처 날려버린 세미누드	더팩트
유이, 고난도 필라테스 동작으로 '건강미' 넘치는 근황 전해	아시아경제
유이, 되찾은 건강미…리즈는 지금 [화보]	티브이데일리
유이 '정글의 법칙' 합류…'건강미'로 홍일점 활약상 기대	한국경제TV
[SS포토]'호구의 사랑' 유이, 건강미의 상징 꿀벅지는 어디 간겨?	스포츠서울
유이, `맨친` 다이빙 훈련서 수영복 입고 건강미 뽐내	이데일리
유이, 숲속에서 우아한 화보 ‘건강미 넘치네’	스냅
유이 수영장 사진 공개 ‘돋보이는 건강미’	데일리안
'분위기 여신' 유이, 시크하면서 건강미 넘치는 여름 화보	enews24
유이, 전문가 뺨치는 필라테스 실력 ‘건강미 철철’[SNS★컷]	뉴스엔
'맨친' 유이, 다이빙 맹훈련..건강미 수영복 자태	스타뉴스
[포토] '전우치' 유이, 건강미 넘치는 웃음!	스포츠조선
유이 다이빙, 건강미 돋보이는 ‘꿀벅지’… 감탄!	동아일보
꿀벅지 유이, 어깨라인 드러내 '건강미 종결자'	머니투데이
유이, 건강미 넘치는 모습…비욘세 뺨치는 ‘꿀벅지’	스포츠동아
[인터뷰③] 유이 ""'꿀벅지' 시절 나도 그리워..건강미 회복 노력""	스포츠조선
유이, 건강미 실종…너무 마른 몸 (2016 MBC 연기대상)	스포츠한국
‘정글의 법칙’ 유이, 다이빙 수트 탈의…건강미 과시	SBS funE
[경기포토] 유이, '탄탄+매끈' 꿀벅지 ""건강미 넘쳐""	경기일보
'버디버디' 유이, 각선미 종결자 등극 '건강미 물씬' 바비인형	서울신문
"
431,조여정,배우,39,36.0,"조여정, 촉촉한 피부로 건강미 발산···고혹적인 미모 '시선 강탈'	텐아시아
조여정, 어깨라인 드러내며 건강미 발산	뉴스컬처
[bnt포토] 조여정 '건강미 넘치는 미소'	bnt뉴스
조여정, 건강미 vs 청순미 반전 매력 발산	한국경제TV
""매회 리즈 갱신"" 조여정, 건강미VS청순미 '반전' 매력	스포츠조선
조여정, 건강미와 청순미 오가는 반전매력	텐아시아
“건강미 넘쳐” 조여정, 자기관리 끝판왕 위엄	뉴스엔
조여정, 건강미~청순미 '극과 극' 오가는 반전 매력 발산	스포츠서울
조여정, 방콕서 건강미 과시하는 감각적 화보 공개!	MBC연예
조여정, 건강미 돋보이는 화보 공개 ‘자기관리 끝판왕’	동아일보
조여정, 방콕서 건강미 뽐내..떠나고 싶게 만드는 화보 공개	이데일리
조여정, 군살 하나 없는 ‘탄탄한 건강미’ 과시	스포츠경향
조여정, 광고 비하인드컷 속 건강미 vs 청순미 '반전 매력' 발산	매일신문
[TD영상] 조여정 ‘레드카펫을 물들인 건강미’	티브이데일리
조여정, 광고 비하인드컷 '건강미 발산'	이데일리
조여정 '건강미 가득'[엑's HD포토]	엑스포츠뉴스
조여정, 여성스러움에 건강미까지 '이국적 미모'	한국일보
조여정, 완벽 비율에 범접할 수 없는 건강미	헤럴드경제
조여정, 건강미 vs 청순미…극과 극 매력 오간다	TV리포트
조여정, 건강미에서 청순미까지 `워너비 여신`	매일경제
조여정 건강미. 화이트 점프 슈트 아래로 드러난… '감탄'	경기일보
조여정, 운동으로 다져진 건강미 넘치는 각선미 [화보]	엑스포츠뉴스
[경인포토]건강미 넘치는 모습으로 등장하는 조여정 ""바쁘다 바뻐""	경인일보
조여정, 광고 촬영서 건강미와 청순미 오가는 반전 매력 발산	국제신문
조여정, 건강미 vs 청순미 '극과 극' 오가는 반전 매력 발산, 매회 리즈 갱신...	뉴스타운
조여정, 여성지 표지모델로 '건강미+여성미' 발산	이데일리
조여정, 건강미vs청순미 '극과극' 오가는 반전 매력	엑스포츠뉴스
조여정, 건강미 돋보이는 화보 공개…탄탄한 근육, 무용수 못지않은 실력 ‘숨...	경기일보
조여정, 초콜릿 등근육 공개..청순미에 섹시미·건강미까지 “다 가진 배우”	헤럴드경제
조여정 건강미, '정글의 법칙' 덕분? 섹시한 구릿빛 피부 '눈길'	bnt뉴스
조여정, 무보정 직찍에도 굴욕없이 빛나는 미모 '건강미까지 더해'	한국경제TV
[포토] 조여정, 미소마저 건강미 넘치는 여신	스포츠동아
조여정 건강미 포착, 당당한 아름다움 '눈길'	TV리포트
조여정 건강미, 생기발랄 넘치는 미소~ '파격적인 반전 뒤태'	한국경제
TENPHOTO, '인간중독' 조여정, 건강미 넘치는 모습으로	텐아시아
[NC포토] '제24회 부산국제영화제' 조여정, 건강미 넘쳐	뉴스컬처
"
209,클라라,배우,35,32.0,"클라라, 밀착 브라톱+레깅스 매치…독보적인 건강미	머니투데이
클라라, 운동으로 가꾼 명품 복근…건강미 물씬	마이데일리
클라라, 플라잉요가로 뽐낸 무결점 S라인 '건강미 철철'	마이데일리
클라라, 밀착 레깅스 차림에 한 마리 새 자태…건강미 가득 [똑똑SNS]	MK스포츠
클라라, 건강미 넘치는 핫보디 '선명한 11자 복근까지'	스포츠한국
클라라, 크롭 티셔츠+레깅스 입고 뽐낸 11자 복근 '건강미 뿜뿜'	마이데일리
클라라, 여전한 건강미 자랑 “운동은 우리의 일기”	한스경제
클라라, '건강미로 가득찬 매력'	서울경제
클라라, 건강미 철철 비현실적인 호리병 몸매	매일경제
클라라, 복근 드러내며 탄탄한 건강미 자랑…양갈래 머리 발랄 매력도	스포츠한국
클라라, VOV 모델로 섹시 건강미 또 입증!	스포츠조선
클라라, 민소매 티 사이로 드러난 볼륨감…건강미 자랑 [똑똑SNS]	MK스포츠
클라라, 달의 여신 같은 자태..건강미 넘치는 글래머러스 몸매	헤럴드POP
클라라 해명 ""레깅스 시구는 하체 건강미 보여주기 위한 것""	IT조선
'섹시 퀸' 클라라, 中 화보 속 건강미 넘치는 매력	스포츠서울
클라라, 청순 미모-건강미 넘치는 보디라인 '시선집중'… 진정한 완벽녀	경인일보
클라라, ""노출 아닌 건강미 추구, 업된 엉덩이 보여줄 생각만..."" 발언 재조명	스포츠서울
클라라, 건강미 넘치는 탄탄한 몸매 ""마음의 균형 위한 노력"" [★해시태그]	엑스포츠뉴스
[bnt화보] 클라라 “건강미 부각되는 이미지 좋아, 더 노력하고 가꾸게 만들어...	bnt뉴스
세계에서 가장 아름다운 여성 클라라, 건강미 넘쳐	엑스포츠뉴스
클라라, 건강미 넘치는 몸매 “명상으로 마음의 균형”	여성조선
클라라 시구 해명, ‘건강미 보여주고 싶어 레깅스 직접 골라…’	서울경제
클라라 해명 ""건강미 보여드리려고 했는데…""	아주경제
'화신' 클라라 시구패션 해명 ""건강미 보여주고 싶었다""	뉴스핌
클라라 해명 “레깅스 시구, 이슈 아닌 건강미 보여주기 위해…”	MBN
클라라 해명, 시구 이유 건강미 보여주려고 ""잘 보이기 위한 것""	충청일보
‘인천AG’ 성화봉송 주자 클라라 동준-홍보대사 이시영 ‘건강미’	OSEN
[SBS연기대상] 클라라, 건강미 넘치는 미소	뉴데일리
‘해피 투게더3’ 클라라, 레깅스 시구 “건강미 있는 모습 보여주고 싶었다”	서울경제
[포토] 클라라, `하의실종` 스포티룩으로 건강미 발산	매일경제
클라라 의상 해명 ""탄탄한 몸매와 건강미에 맞춘 의상""	한국경제
‘건강미 강조’ 클라라, 레깅스 시구 ‘욕심 탓’ 사과	데일리안
"
1922,김희정,배우,28,31.0,"김희정, 시선 강탈 구릿빛 섹시..건강미에 감탄	헤럴드POP
김희정, 건강미 넘치는 화보 ‘치명적인 매력’	스포츠동아
김희정, 군살 제로 건강미..튼튼 꿀벅지 '깜짝'[★SHOT!]	OSEN
김희정, 독보적 건강미 발산…다이어트도 힙하게	스포츠서울
김희정, 건강미에 더한 몽환적 분위기…치명적인 매력 [화보]	엑스포츠뉴스
김희정, 다이어트 CF로 건강미 과시	한스경제
김희정, 구릿빛 피부에 빛나는 몸매…건강미 넘치네	마이데일리
김희정, 건강미 넘치는 '워너비 몸매' 담은 티저 영상	일간스포츠
김희정, 화보 비하인드컷 공개...'러블리+건강미'	TV리포트
김희정, 구릿빛 피부+탄탄 몸매로 '섹시 건강미' 뿜뿜	헤럴드POP
김희정, 비키니·트레이닝복까지 완벽 소화…건강미 넘치는 매력 [화보]	엑스포츠뉴스
김희정, '건강미+몽환적 분위기' 발산하는 유니크한 매력 [화보]	TV리포트
김희정, 준PO 4차전 시구..복근 드러낸 '건강미'	뉴스1
배우 김희정, SNS에 건강미 넘치는 수영복 차림 공개	스포츠경향
김희정, 건강미+몽환적 분위기 ‘치명적 매력 완성’[화보]	뉴스엔
김희정, '힙'한 다이어트 티저 영상 공개…건강미 넘치는 '워너비 몸매'	엑스포츠뉴스
김희정, 건강미 넘치는 구릿빛 피부	뉴스1
[포토] 김희정, '건강미 넘치는 그녀~'	한국경제
[포토] 김희정, '건강미 넘치는 모습에 눈길~'	한국경제
[포토] 김희정, 스포티한 브라톱 래시가드로 건강미 뽐내	이데일리
김희정, 맥주 광고 모델 발탁…‘건강미 어필’	MBN
섹시 아이콘 김희정, 건강미 넘치는 래쉬가드 수영복 화보 공개	한국경제TV
김희정, 건강미 넘치는 '워너비 몸매'…다이어트도 힙하게	TV리포트
김희정, 구릿빛 피부에 돋보이는 건강미…감탄 자아내는 몸매	마이데일리
김희정, 스포츠웨어 모델 발탁 '건강미 대표주자'	엑스포츠뉴스
[포토엔HD] 김희정 ‘건강미 넘치는 미모’	뉴스엔
배우 김희정, 맥주 광고 모델 발탁 ‘건강미 어필’	헤럴드경제
[포토엔HD] 김희정 ‘건강미 선보이며 미소’	뉴스엔
김희정, 감탄 절로 나오는 건강미 ‘스포츠웨어 모델 발탁’	세계일보
[포토] 김희정, '건강미 넘치는 그녀'	한국경제
‘정글의 법칙’서 건강미 뽐낸 김희정, 배상면주가 'R4' 광고모델 발탁	파이낸셜뉴스
"
1923,김희정,배우,49,31.0,"김희정, 시선 강탈 구릿빛 섹시..건강미에 감탄	헤럴드POP
김희정, 건강미 넘치는 화보 ‘치명적인 매력’	스포츠동아
김희정, 군살 제로 건강미..튼튼 꿀벅지 '깜짝'[★SHOT!]	OSEN
김희정, 독보적 건강미 발산…다이어트도 힙하게	스포츠서울
김희정, 건강미에 더한 몽환적 분위기…치명적인 매력 [화보]	엑스포츠뉴스
김희정, 다이어트 CF로 건강미 과시	한스경제
김희정, 구릿빛 피부에 빛나는 몸매…건강미 넘치네	마이데일리
김희정, 건강미 넘치는 '워너비 몸매' 담은 티저 영상	일간스포츠
김희정, 화보 비하인드컷 공개...'러블리+건강미'	TV리포트
김희정, 구릿빛 피부+탄탄 몸매로 '섹시 건강미' 뿜뿜	헤럴드POP
김희정, 비키니·트레이닝복까지 완벽 소화…건강미 넘치는 매력 [화보]	엑스포츠뉴스
김희정, '건강미+몽환적 분위기' 발산하는 유니크한 매력 [화보]	TV리포트
김희정, 준PO 4차전 시구..복근 드러낸 '건강미'	뉴스1
배우 김희정, SNS에 건강미 넘치는 수영복 차림 공개	스포츠경향
김희정, 건강미+몽환적 분위기 ‘치명적 매력 완성’[화보]	뉴스엔
김희정, '힙'한 다이어트 티저 영상 공개…건강미 넘치는 '워너비 몸매'	엑스포츠뉴스
김희정, 건강미 넘치는 구릿빛 피부	뉴스1
[포토] 김희정, '건강미 넘치는 그녀~'	한국경제
[포토] 김희정, '건강미 넘치는 모습에 눈길~'	한국경제
[포토] 김희정, 스포티한 브라톱 래시가드로 건강미 뽐내	이데일리
김희정, 맥주 광고 모델 발탁…‘건강미 어필’	MBN
섹시 아이콘 김희정, 건강미 넘치는 래쉬가드 수영복 화보 공개	한국경제TV
김희정, 건강미 넘치는 '워너비 몸매'…다이어트도 힙하게	TV리포트
김희정, 구릿빛 피부에 돋보이는 건강미…감탄 자아내는 몸매	마이데일리
김희정, 스포츠웨어 모델 발탁 '건강미 대표주자'	엑스포츠뉴스
[포토엔HD] 김희정 ‘건강미 넘치는 미모’	뉴스엔
배우 김희정, 맥주 광고 모델 발탁 ‘건강미 어필’	헤럴드경제
[포토엔HD] 김희정 ‘건강미 선보이며 미소’	뉴스엔
김희정, 감탄 절로 나오는 건강미 ‘스포츠웨어 모델 발탁’	세계일보
[포토] 김희정, '건강미 넘치는 그녀'	한국경제
‘정글의 법칙’서 건강미 뽐낸 김희정, 배상면주가 'R4' 광고모델 발탁	파이낸셜뉴스
"
1144,유리,배우,30,26.0,"쿨 유리, 미국 LA 이민 근황..세아이 출산 후에도 구릿빛 건강미	헤럴드POP
소녀시대 유리, 이탈리아서 뽐낸 건강미	노컷뉴스
소녀시대 유리, '건강미 넘치는 자태' (공항패션)	서울경제
소녀시대 유리, 이탈리아 화보 공개…건강미 물씬	뉴스1
유리, 등산 인증샷 공개...건강미 넘치는 모습[★해시태그]	엑스포츠뉴스
유리 `건강미 넘치는 꽃 미소` [MBN포토]	MBN
소녀시대 유리, 등산으로 가꾼 건강미	TV리포트
흑진주 유리, 건강미 넘치는 수영복 화보[포토엔]	뉴스엔
[포토엔HD] 소녀시대 유리 ‘건강미 넘치는 미소~’	뉴스엔
""건강미 최고""..소녀시대 유리, 발랄한 매력	스타뉴스
[포토] 소녀시대 유리 '건강미 넘치는 구릿빛 각선미'	한국경제
[포토] 소녀시대 유리, 건강미 넘치는 각선미	서울경제
유리 '건강미 넘치는 바디라인'[포토]	엑스포츠뉴스
‘정글의법칙’ 물 만난 유리, 건강미 넘치는 반전 등근육 ‘깜짝’	한국경제TV
[포토엔]소녀시대 유리 ‘건강미 넘치는 구릿빛 각선미’	뉴스엔
[경인포토]소녀시대 유리, 건강미 넘치는 구릿빛 각선미	경인일보
“다시, 흑진주” 소녀시대 유리, 건강미의 정석 [화보]	TV리포트
유리 `건강미 넘치는 각선미` [MK포토]	MK스포츠
[포토엔]소녀시댕 유리 ‘건강미 넘치는 구릿빛 피부’	뉴스엔
[포토] 소시 유리 '건강미 넘치는 여배우로 변신'	스포츠조선
[포토] 소녀시대 유리 '건강미 넘치는 피부'	한국경제
소녀시대 유리, '매혹적 건강미' 이탈리아 화보 공개	서울경제
유리 화보, ""탄탄한 보디라인으로 건강미 과시""	조세일보
[포토] 유리, 건강미 넘치는 웃음!	스포츠조선
[포토]요가 선생된 소녀시대 유리 '건강미 넘치네'	이데일리
유리 화보, 건강미 넘치는 '탄탄한 S라인' 과시	머니투데이
"
725,이효리,가수,41,19.0,"""39세 맞아?"" 이효리 건강미 넘치는 근황 공개	스포츠조선
이효리, 언더웨어 화보 공개..명불허전 건강미	이데일리
이효리, 여전히 건강미 넘치는 뒤태 과시 ‘매혹’ (화보)	MBN
이효리, 개미허리+황금골반 자랑..푸마와 건강미 넘치는 화보	뉴스인사이드
‘여왕의 귀환’ 이효리, 건강미 넘치는 애슬레저 룩 화보 공개	동아일보
이효리, 건강미 넘치는 언더웨어 화보 공개 '걸크러쉬' [화보]	엑스포츠뉴스
[포토] 이효리, 건강미 넘치는 제주 여자!	스포츠조선
이효리, ‘하이컷’서 건강미 물씬 보디라인 공개	스포츠한국
이효리, 건강미 넘치는 늘씬한 뒤태 공개… '男心 저격'	이뉴스투데이
이효리 렌틸콩 조리법 공개, 건강미 넘치는 몸매의 비결?	MBN
이효리, 건강미 넘치는 뒤태…불혹 앞둔 나이에도 믿을 수 없는 완벽 봄매	MBN
이효리 '건강미' 여전하지!	한스경제
이효리, 제주도 사로잡은 건강미..민박집에서 만나요~	스타뉴스
이효리, 호주 브리즈번서 매혹적인 화보…'소길댁'의 건강미	국제신문
'컴백' 이효리, 건강미 넘치는 핫 보디 화보 공개	스타데일리뉴스
""명불허전 섹시퀸"" 이효리,언더웨어화보서 건강미#제주도#요가#나이듦	스포츠서울
이효리 근황, 침대에 누워 건강미 과시 '구릿빛 피부~'	전자신문
이효리, 건강미 넘치는 무보정 사진 '눈길'	마이데일리
[포토] 이효리, '건강미 넘치는 S라인'	OBS
"
462,제시,가수,31,19.0,"제시, 특유 건강미와 탄탄한 몸매 ‘눈길’ [화보]	스포츠동아
[포토] 제시, ‘넘치는 건강미’	파이낸셜뉴스
제시, 레깅스+탱크톱으로 뽐낸 건강미	MBN
제시, 남다른 레깅스 패션..건강미 넘치는 뒤태	스타뉴스
제시, 레깅스 화보 속 탄탄한 보디 공개…건강미 '물씬'	머니투데이
제시, 남다른 건강미 발산…현아도 '감탄' [★SNS]	스포츠서울
제시, 건강미 넘치는 외모!	서울경제
제시 '건강미 넘치는 구릿빛 피부'[엑's HD포토]	엑스포츠뉴스
제시, 오프숄더 입고 건강미 자랑	스타뉴스
제시, 스윔웨어 입고 건강미 과시 ‘신이 내린 몸매’[화보]	뉴스엔
제시 '건강미 넘치는 보디라인'[포토]	엑스포츠뉴스
가요대제전 에일리 효린 제시, 가슴 뚫리는 사이다 무대 ""건강미 넘쳐""	한국경제TV
제시, 섹시 매력 시선 집중...""건강미 넘치는 섹시미""	스페셜경제
제시, 넘사벽 건강미 자랑하며 ""유럽 기다려""	헤럴드POP
‘섹시 여전사’ 제시, 건강미 넘치는 일상 ‘시선 올킬’	뉴스컬처
가수 제시, 건강미 넘치는 일상샷 ‘눈길’	뉴스컬처
제시, 건강미 넘치는 구릿빛 피부	뉴스1
제시, '건강미 가득한 미소'	서울경제
제시, 건강미 넘치는 자태 ‘시선집중’	뉴스엔
"
1831,루나,가수,27,19.0,"루나, 비키니 입고 건강미 과시 `섹시 카리스마`	매일경제
루나, 완벽 비키니 자태... 건강미↑	TV리포트
루나, 검정 비키니에 '건강미' 뽐내	MBN
루나, 수영복 입고 뽐낸 건강미..개미허리+애플힙 완벽 몸매[★SHOT!]	OSEN
루나, 건강미 넘치는 구릿빛 탄탄 몸매	스포츠한국
에프엑스 루나, 밀착 원피스로 건강미 과시 '남다른 옆태'	마이데일리
루나, 초밀착 운동복 입고 뽐낸 늘씬 몸매…'건강미 물씬'	마이데일리
f(x) 루나, 구릿빛 피부·비키니로 뽐낸 건강미 [★해시태그]	엑스포츠뉴스
루나 `건강미 넘치는 구릿빛 피부` [MBN포토]	MBN
루나, 작정하고 드러낸 건강미 [MK포토]	MK스포츠
루나 `건강미 넘치는 미소` [MBN포토]	MBN
루나 설리, SM타운 행사서 빛낸 물오른 미모…건강미 VS 청순미 폭발	MBN
루나, 과감한 한뼘 비키니로 건강미 물씬 ""Summer""[★SNS]	enews24
루나, 건강미 넘치는 일상샷 공개 ""셀프메이크업""	경인일보
fx 루나, 건강미 넘치는 미모	스포츠한국
루나 설리, 청순미냐 건강미냐 ‘선택하려면 머리 아플 듯’	스포츠동아
fx 루나, 건강미 돋보이는 패션	스포츠한국
[SS포토]에프엑스 루나 '건강미 넘치는 구릿빛 피부'	스포츠서울
[포토] 에프엑스 루나 '건강미 넘치네'	파이낸셜뉴스
"
2462,가희,배우,39,17.0,"가희, 등산하며 꾸준한 자기관리..건강미 넘치는 미소[★SHOT!]	OSEN
가희, 애둘맘의 완벽복근..믿기지 않는 40대의 건강미[★SHOT!]	OSEN
가희, 빛나는 물광피부…튜브탑 입고 섹시 건강미 과시	헤럴드POP
가희, 탄탄한 복근+화사한 미모 '건강미 여신의 매력 뿜뿜'	TV리포트
가희, 수준급 웨이크서핑 실력 공개‥넘치는 건강미[SNS★컷]	뉴스엔
가희, 건강미 넘치는 자태 ""유튜브 잘하는 공부 中""	헤럴드POP
가희, 건강미 넘치는 일상샷 ‘우월한 미모는 덤’	뉴스컬처
가희 `건강미 넘치네` [MBN포토]	MBN
가희, 11자 복근과 각선미…화보로 건강미 발산	서울신문
닭치고 서핑 가희, 서핑 즐기고 있는 사진 보니 건강미 넘치는 볼륨 몸매로 ‘...	MBN
가희, `건강미 넘치는 구릿빛 각선미` [MBN포토]	MBN
가희 복근, 王자 새겨질 기세 ‘건강미 넘쳐!’	스포츠동아
가희, 시선 집중 명품 복근…""건강미 물씬""	TV리포트
가희, 절정의 건강미…""시선 집중""	TV리포트
가희, 완벽한 수영복 뒤태 공개.. 건강미+섹시미 물씬	스타뉴스
가희 '건강미 넘치는 11자 복근'	스포츠한국
'서핑 마니아' 가희, 건강미 넘치는 탄탄한 몸매	이데일리
"
109,한혜진,모델,37,16.0,"[포토] 한혜진, 건강미 넘치는 미모	스포츠조선
'나 혼자 산다' 한혜진, '섹시에 건강미 더한 매력'	씨네21
한혜진 '건강미 넘치는 미소'[★포토]	스타뉴스
한혜진 '건강미 뽐낸 드레스 자태'[엑's HD포토]	엑스포츠뉴스
한혜진 ""아무 걱정없는 따뜻한 봄이 오길""...건강미 '물씬'	이데일리
""톱모델의 위엄"" 한혜진,언더웨어화보서 시크한 건강미	스포츠서울
[포토] 한혜진 화보속 시원한 건강미	이데일리
한혜진,톱모델의 숨막히는 '뒷태' 건강미 물씬	스포츠서울
한혜진, 속옷 화보 공개…""건강미 넘쳐""	머니투데이
한혜진, '인티모 더 테니스' 화보 공개…건강미 '물씬'	머니투데이
한혜진, 건강미 넘치는 몸매로 시선강탈 ""군살은 허용불가""	데일리안
한혜진 언더웨어 화보, 독보적인 건강미…복근 '탄탄'	머니투데이
한혜진, 누드 화보로 건강미 ""5月 뷰티-헬스책 발매""	enews24
한혜진, 건강미 넘치는 비키니 자태… 시선 올킬	스포츠동아
한혜진, '전현무가 반한 건강미'	서울경제
한혜진, 집에서도 다이어트 중…건강미 가득 인증샷 공개	톱스타뉴스
"
110,한혜진,배우,38,16.0,"[포토] 한혜진, 건강미 넘치는 미모	스포츠조선
'나 혼자 산다' 한혜진, '섹시에 건강미 더한 매력'	씨네21
한혜진 '건강미 넘치는 미소'[★포토]	스타뉴스
한혜진 '건강미 뽐낸 드레스 자태'[엑's HD포토]	엑스포츠뉴스
한혜진 ""아무 걱정없는 따뜻한 봄이 오길""...건강미 '물씬'	이데일리
""톱모델의 위엄"" 한혜진,언더웨어화보서 시크한 건강미	스포츠서울
[포토] 한혜진 화보속 시원한 건강미	이데일리
한혜진,톱모델의 숨막히는 '뒷태' 건강미 물씬	스포츠서울
한혜진, 속옷 화보 공개…""건강미 넘쳐""	머니투데이
한혜진, '인티모 더 테니스' 화보 공개…건강미 '물씬'	머니투데이
한혜진, 건강미 넘치는 몸매로 시선강탈 ""군살은 허용불가""	데일리안
한혜진 언더웨어 화보, 독보적인 건강미…복근 '탄탄'	머니투데이
한혜진, 누드 화보로 건강미 ""5月 뷰티-헬스책 발매""	enews24
한혜진, 건강미 넘치는 비키니 자태… 시선 올킬	스포츠동아
한혜진, '전현무가 반한 건강미'	서울경제
한혜진, 집에서도 다이어트 중…건강미 가득 인증샷 공개	톱스타뉴스
"
575,전혜빈,배우,37,16.0,"[포토] 전혜빈, 미소에 가득찬 건강미!	스포츠조선
[포토] 전혜빈, 건강미 넘치는 각선미!	스포츠조선
[포토]머슬마니아 전혜빈, 건강미의 끝판왕	한국경제TV
[오마이포토] 전혜빈, 돋보이는 건강미	오마이뉴스
전혜빈, 볼륨감 드러낸 건강미 넘치는 화보 '완벽 S라인'	스포츠조선
[화보] 전혜빈, 건강미 넘치는 바디라인	매일경제
[포토]머슬마니아 전혜빈, 건강미의 대명사	한국경제TV
전혜빈, 서퍼룩에 빛나는 선명한 복근 '넘치는 건강미'	마이데일리
[스경포토] [머슬마니아] 전혜빈, 최상급 건강미	스포츠경향
[스경포토] [머슬마니아] 전혜빈, 빈틈 없는 건강미	스포츠경향
전혜빈 란제리 화보, 건강미 넘치는 '탄력바디' 눈길	머니투데이
전혜빈, 건강미의 대명사...여성들 사이에서 '핫'아이콘 떠올라	스포츠조선
전혜빈, 화보 B컷 통해 완벽 바디라인 과시 ‘역시 건강미 대표 아이콘’	한국경제
전혜빈, 건강미 넘치는 몸매로 시선강탈	데일리안
[포토] 전혜빈 '건강미 뽐내는 치아 미소'	스포츠조선
[포토] 전혜빈, '건강미의 표본~'	한국경제
"
376,지성,배우,43,15.0,"걸그룹 소녀주의보 지성 “60kg아이돌 안녕”···건강미 넘치는 근황	스포츠경향
‘60kg 아이돌’ 소녀주의보 지성, 레깅스 입고 뽐낸 보디라인 [똑똑SNS]	MK스포츠
[SR연예] 걸그룹 소녀주의보 지성 건강미 넘치는 근황 공개	SR타임스
[포토] 소녀주의보 지성, '건강미 넘치는 미모'	뉴스프리존
소녀주의보 지성 ""60kg 화제 당황…건강미 유지하겠다""	매일경제
소녀주의보 지성, 광고계 러브콜 “60kg 건강미 적합”	뉴스엔
소녀주의보 지성, 광고계 러브콜 ""60kg의 건강미가 적합""	엑스포츠뉴스
[포토] 지성, 건강미 넘치는 아이돌	매일경제
[MD화보] '아이돌이 60kg면 어때요'…소녀주의보 지성, 건강미 넘치는 시구	마이데일리
소녀주의보 지성, 몸무게 덕에 래시가드 모델까지 ‘건강미 넘치는 육십돌’	전자신문
‘평균 60kg’ 소녀주의보 지성, 광고계 러브콜 “건강미 적합”	OSEN
[동아포토]소녀주의보 지성, 건강미	스포츠동아
'60돌' 소녀주의보 지성 '건강미 넘치는 자태[엑's HD포토]	엑스포츠뉴스
소녀주의보 지성, 건강미 넘치는 S라인의 교과서… ""몸무게 60kg 아님""	경인일보
[동아포토]소녀주의보 지성, 빛나는 건강미	스포츠동아
"
375,지성,가수,18,15.0,"걸그룹 소녀주의보 지성 “60kg아이돌 안녕”···건강미 넘치는 근황	스포츠경향
‘60kg 아이돌’ 소녀주의보 지성, 레깅스 입고 뽐낸 보디라인 [똑똑SNS]	MK스포츠
[SR연예] 걸그룹 소녀주의보 지성 건강미 넘치는 근황 공개	SR타임스
[포토] 소녀주의보 지성, '건강미 넘치는 미모'	뉴스프리존
소녀주의보 지성 ""60kg 화제 당황…건강미 유지하겠다""	매일경제
소녀주의보 지성, 광고계 러브콜 “60kg 건강미 적합”	뉴스엔
소녀주의보 지성, 광고계 러브콜 ""60kg의 건강미가 적합""	엑스포츠뉴스
[포토] 지성, 건강미 넘치는 아이돌	매일경제
[MD화보] '아이돌이 60kg면 어때요'…소녀주의보 지성, 건강미 넘치는 시구	마이데일리
소녀주의보 지성, 몸무게 덕에 래시가드 모델까지 ‘건강미 넘치는 육십돌’	전자신문
‘평균 60kg’ 소녀주의보 지성, 광고계 러브콜 “건강미 적합”	OSEN
[동아포토]소녀주의보 지성, 건강미	스포츠동아
'60돌' 소녀주의보 지성 '건강미 넘치는 자태[엑's HD포토]	엑스포츠뉴스
소녀주의보 지성, 건강미 넘치는 S라인의 교과서… ""몸무게 60kg 아님""	경인일보
[동아포토]소녀주의보 지성, 빛나는 건강미	스포츠동아
"
271,최여진,배우,37,15.0,"‘건강미 대명사’ 최여진, 보트 위 구릿빛 여신 [SNS★컷]	뉴스엔
최여진, 서핑보드 타고 건강미 뿜뿜	매일경제
최여진, 감탄 나오는 독보적 건강미 [화보]	스포츠경향
'비행소녀' 최여진, 암 예방 홍보 캠페인에서도 '건강미 뿜뿜'	서울경제
[포토] 최여진, '건강미 넘치는 매력'	한국경제
최여진, 건강미 넘치는 구릿빛 몸매	매일경제
[SK포토]‘더 바디쇼’ 최여진, 건강미로 입장	스포츠경향
'명품몸매' 최여진, 속옷화보서 건강미 과시	이데일리
최여진, 건강미 넘치는 완벽 바디라인 [포토]	엑스포츠뉴스
[T포토] 최여진 '건강미 넘치네'	TV리포트
최여진, '더 바디쇼' 메인MC 발탁…건강미 넘치는 스틸컷 공개 '감탄'	중부일보
[포토] 배우 최여진, 넘치는 건강미	뉴데일리
[T포토-Lab] 최여진 '건강미의 대명사, 미모도 몸매도 활력 가득'	TV리포트
[포토] 최여진, 건강미 넘치는 발걸음	한국경제TV
최여진, '건강미 폭발' 성난 등근육 과시 ""등신이 되자""	축산신문
"
119,한채아,배우,38,15.0,"[N샷] 한채아, 아이 엄마 맞아? 운동으로 완성한 건강미 넘치는 뒤태	뉴스1
한채아, 건강미 가득 수영복 화보 공개	스포츠서울
한채아, 건강미 넘치는 래쉬가드 화보 공개	노컷뉴스
[슬라이드 화보] 한채아, 애엄마 맞아?…건강미 넘치는 비키니 자태	아주경제
한채아, 스포츠 여신도 꿰찼다…독보적인 건강미	스포츠동아
한채아, 래쉬가드 입고 ‘슬림탄탄’ 건강미 과시	스포츠경향
한채아, 래시가드 화보 비하인드 컷…건강미 '물씬'	머니투데이
한채아, 건강미 빛나는 운동복 자태 '센 눈빛은 덤'	뉴스1
한채아, 운동 중인 근황 공개..'동안 피부+건강미' 눈길	이데일리
한채아, 스포츠 브랜드 모델 발탁 '건강미 인증'	뉴스핌
한채아, 절세미녀 벗고 스포츠 여신으로 변신..'건강미 발산'	세계일보
한채아, 스포츠 여신 등극…'건강미 발산'	엑스포츠뉴스
한채아, 완벽 운동복핏으로 건강미 발산 '스포츠 여신'	마이데일리
한채아, 광고 촬영장 속 완벽 운동복핏 포착…‘독보적 건강미’	bnt뉴스
한채아, 운동기구 촬영 현장에서 보여준 절세의 건강미	스포츠경향
"
571,전효성,가수,31,15.0,"'런닝맨' 데뷔 11년만 첫 출연 전효성, 건강미 넘치는 섹시댄스	중부일보
[포토] 전효성, 건강미 넘치게	매일경제
전효성, 넘치는 건강미 [MK포토]	MK스포츠
전효성, '몽환+육감+관능' 발리 화보…건강미 물씬 '서른한 번째 여름'	스포티비뉴스
전효성, 확 달라진 분위기…돋보였던 건강미 어디로?	마이데일리
전효성 거울 셀카, 건강미 넘치는 각선미 '감탄'	머니투데이
[OBS포토] 전효성, 탄탄한 복근 과시 '건강미 물씬'	OBS
전효성, `건강미 넘치는 각선미` [MBN포토]	MBN
전효성, 건강미 넘치는 잇몸미소 [MK포토]	MK스포츠
전효성 거울 셀카, 꿀벅지 공개…“건강미 넘쳐”	동아일보
[포토] 전효성 '건강미가 제 매력'	스포츠조선
[포토] 전효성, 잘록한 허리라인으로 건강미 과시	매일경제
[포토] 전효성 '건강미 장착한 허벅지~'	스포츠조선
전효성 거울 셀카, 올킬 글래머다운 매력 ‘건강미 충만’	스포츠동아
[T포토] 전효성 '미소부터 건강미 넘쳐'	TV리포트
"
128,한예슬,배우,39,15.0,"'미우새' 한예슬 이상형 질문에 ""건강미가 넘치는 스타일이 좋다""	뉴스1
'미우새' 한예슬, 이상형 질문에 ""건강미 넘치는 타입 좋아""...김종국 어머니...	한국경제
한예슬 나이 39세…“이상형은 건강미 넘치는 스타일”	헤럴드경제
'미우새' 한예슬 ""건강미 넘치는 사람 좋아""…이상형 공개에 김종국母 '화색'	SBS funE
'미우새' 한예슬, 母 폭발적 관심…""건강미 넘치는 남자가 이상형""	스포츠서울
'미우새' 한예슬 ""이상형 건강미"" 고백..김종국母 반색	스타뉴스
‘미운우리새끼’ 한예슬 “이상형 변화, 마른 남자→건강미 넘치는 스타일”	스포츠동아
한예슬 “이상형, 건강미 넘치는 분”…김종국 母 “아들한테 전화 해야겠다”...	MBN
한예슬 '여전히' 매력만점 건강미 과시, 화보 통해 근황 공개	스포츠조선
한예슬 , 힙한드레스코드 번쩍, 건강미 철철	인천뉴스
'미우새' 한예슬 ""나이 먹다 보니까 건강미 넘치는 男 좋아""…'몇살?'	스포츠한국
'미우새' 한예슬 ""건강미 있는 남자가 이상형""…김종국 모친 '반색'	스포티비뉴스
‘미운 우리 새끼’ 한예슬, 이상형은 김종국?…“넘치는 건강미, 외모 1등”	MK스포츠
'미운 우리새끼' 한예슬, 독보적 미모 뽐내..""건강미 넘치는 남자 좋아""	헤럴드POP
‘미운우리새끼’ 한예슬 “나이 드니까 건강미 넘치는 스탈 선호""…김종국 母...	광주매일신문
"
75,현아,가수,33,15.0,"‘원더풀’ 현아, 美친 건강미 [화보]	매일경제
현아, 건강미 넘치는 스포티+섹시美 [화보]	엑스포츠뉴스
현아, 美친 보디라인 자랑…넘사벽 건강미에 감탄이 절로 [화보]	헤럴드POP
현아, 속옷 화보서 탄탄 바디라인 과시…'건강미 폭발'	엑스포츠뉴스
현아, 스포티한 레깅스 패션…건강미 '물씬'	머니투데이
[포토] 현아, 건강미 발산	이데일리
현아, 은근히 드러낸 복근으로 건강미 'UP'	부산일보
현아, 건강미 뽐내는 한 발 앞선 여름 화보	스포츠경향
현아 티저, 뒷모습만 봐도 건강미 넘쳐	매일경제
[N샷] 현아, 군살 제로 탄탄 몸매…건강미 뿜뿜	뉴스1
포미닛 현아, 발리 비치 화보 공개..우월한 건강미 과시 ‘감탄’	한국경제
현아, 눈 돌아가는 탄탄복근 “건강미↑”	TV리포트
현아, 명품 비키니 자태…우월한 건강미	헤럴드경제
[포토] 현아, 건강미 피부톤	매일경제
[T포토] 현아 '건강미 넘치는 뒤태'	TV리포트
"
74,현아,가수,28,15.0,"‘원더풀’ 현아, 美친 건강미 [화보]	매일경제
현아, 건강미 넘치는 스포티+섹시美 [화보]	엑스포츠뉴스
현아, 美친 보디라인 자랑…넘사벽 건강미에 감탄이 절로 [화보]	헤럴드POP
현아, 속옷 화보서 탄탄 바디라인 과시…'건강미 폭발'	엑스포츠뉴스
현아, 스포티한 레깅스 패션…건강미 '물씬'	머니투데이
[포토] 현아, 건강미 발산	이데일리
현아, 은근히 드러낸 복근으로 건강미 'UP'	부산일보
현아, 건강미 뽐내는 한 발 앞선 여름 화보	스포츠경향
현아 티저, 뒷모습만 봐도 건강미 넘쳐	매일경제
[N샷] 현아, 군살 제로 탄탄 몸매…건강미 뿜뿜	뉴스1
포미닛 현아, 발리 비치 화보 공개..우월한 건강미 과시 ‘감탄’	한국경제
현아, 눈 돌아가는 탄탄복근 “건강미↑”	TV리포트
현아, 명품 비키니 자태…우월한 건강미	헤럴드경제
[포토] 현아, 건강미 피부톤	매일경제
[T포토] 현아 '건강미 넘치는 뒤태'	TV리포트
"
2038,김종국,개그맨,57,13.0,"[포토] 김종국, 한결같은 건강미	MBC연예
[포토] 김종국, 넘치는 건강미	MBC연예
[bnt포토] 김종국 '건강미를 챙겨요'	bnt뉴스
[bnt포토] 김종국 '흘러 넘치는 건강미'	bnt뉴스
[포토] 김종국, '넘치는 건강미'	아주경제
[포토] 김종국, 건강미 가득	마켓뉴스
김종국, 흘러넘치는 건강미 '퍼펙트 하죠?' [MD동영상]	마이데일리
[MD포토] 김종국 '헬스기구 옆에서 넘치는 건강미 발산'	마이데일리
[포토] 김종국, 건강미 철철~	스포츠서울
'여자 김종국' 배그린, 꿀복근 공개…탄탄한 건강미	조이뉴스24
[머니S포토] 김종국 '건강미 넘치는 미소'	머니S
[포토Q] 김종국 '흘러넘치는 건강미'	스포츠Q
'해피투게더' 김종국 ""건강미 있는 여자 좋아""…채연vs윤은혜 중 선택은?	조세일보
"
2039,김종국,가수,44,13.0,"[포토] 김종국, 한결같은 건강미	MBC연예
[포토] 김종국, 넘치는 건강미	MBC연예
[bnt포토] 김종국 '건강미를 챙겨요'	bnt뉴스
[bnt포토] 김종국 '흘러 넘치는 건강미'	bnt뉴스
[포토] 김종국, '넘치는 건강미'	아주경제
[포토] 김종국, 건강미 가득	마켓뉴스
김종국, 흘러넘치는 건강미 '퍼펙트 하죠?' [MD동영상]	마이데일리
[MD포토] 김종국 '헬스기구 옆에서 넘치는 건강미 발산'	마이데일리
[포토] 김종국, 건강미 철철~	스포츠서울
'여자 김종국' 배그린, 꿀복근 공개…탄탄한 건강미	조이뉴스24
[머니S포토] 김종국 '건강미 넘치는 미소'	머니S
[포토Q] 김종국 '흘러넘치는 건강미'	스포츠Q
'해피투게더' 김종국 ""건강미 있는 여자 좋아""…채연vs윤은혜 중 선택은?	조세일보
"
160,하지원,배우,42,13.0,"치어리더 하지원 `건강미 넘치는 응원` [MK포토]	MK스포츠
[포토S] 치어리더 하지원, 건강미 넘치는 몸매	스포티비뉴스
[포토] 하지원 '건강미 발산'	스포츠조선
배우 하지원, 푸르밀 팬사인회 참석 '부산팬 홀린 건강미' 과시	경상일보
하지원 팬사인회 성료, 밝은 미소와 건강미 과시	뉴스1
하지원 `건강미 뽐내며` [MBN포토]	MBN
[뉴스핌 포토] '허삼관' 하지원, 건강미는 내가 최고!	뉴스핌
하지원, `건강미 넘치는 각선미` [MBN포토]	MBN
[NTN포토] 하지원 '건강미 넘치는 각선미'	서울신문
하지원, 세사리빙 전속모델 발탁 ""건강미 넘치는 매력""	TV리포트
[포토] 하지원, 건강미 넘치는 각선미	서울경제
[포토] 하지원 '민소매 의상에 건강미'	스포츠조선
[포토S] 하지원 치어리더, 건강미 넘치는 각선미	스포티비뉴스
"
511,정은지,가수,27,12.0,"'건강미 뿜뿜' 정은지 ""운동돌이라 불러주세요"" [화보]	뉴스1
정은지, 딱 봐도 탄탄한 팔 각선미...운동으로 완성한 건강미	헤럴드POP
정은지, 섹시&건강미 발산··푸마 '칼리(CALI) 슈즈' 화보	G밸리뉴스
정은지, 건강미 넘치는 운동 인증샷...""하고 나면 뿌듯"" [★해시태그]	엑스포츠뉴스
[포토] 에이핑크 정은지, ‘건강미 발산 미소’	파이낸셜뉴스
에이핑크 정은지, 역시 자기관리 끝판왕..건강미 넘치는 근황	헤럴드POP
[MD포토] 에이핑크 정은지, '건강미 넘치죠?'	마이데일리
에이핑크 정은지, 멋스러운 애슬레저룩…건강미 '폭발'	머니투데이
[브릿지포토] 에이핑크 정은지 '건강미 뿜뿜'	브릿지경제
[오마이포토] '에이핑크' 정은지, 팔근육 뽐내는 건강미	오마이뉴스
에이핑크 정은지, 운동으로 다져진 건강미	스포츠한국
에이핑크 정은지, 건강미 넘치는 매력 과시 ""등등등""	시사매거진
"
178,하니,가수,28,11.0,"[MHN포토] 하니 '건강미 넘치는 매력'	문화뉴스
[포토]EXID 하니, '감출 수 없는 건강미'	이데일리
[오마이포토] EXID 하니, 돋보이는 건강미	오마이뉴스
하니 `건강미 넘치는 각선미` [MBN포토]	MBN
[포토]'EXID' 하니, 건강미 넘치는 각선미	헤럴드POP
EXID 하니, 꿀복근 드러내며 건강미 과시 '완벽'	데일리안
하니 `건강미 넘치는 위아래` [MBN포토]	MBN
EXID 하니, `건강미 넘치는 각선미` [MBN포토]	MBN
[포토] EXID 하니 '건강미 돋보이는 각선미'	한국경제
[사진]EXID 하니,'건강미 넘치는 각선미'	OSEN
하니 “EXID만의 강점? 섹시+건강미”(V라이브)	MBN
"
2156,김세정,가수,24,11.0,"'경이로운 소문' 김세정 액션 스틸…""데뷔 이래 가장 파격적인 변신""	뉴스1
‘경이로운 소문’ 김세정, 러블리 지우는 ‘치명 걸크러시’ 폭발	한국경제TV
'경이로운 소문' 김세정, 강렬 눈빛 포착..치명 걸크러시 폭발	헤럴드POP
'경이로운 소문' 김세정, 캐릭터 스틸컷 공개···역대급 파격 변신 예고	일간스포츠
'경이로운 소문' 김세정, 러블리 지우는 '치명 걸크러시'…""데뷔 이래 파격 변...	한국경제
‘경이로운 소문’ 김세정, 첫 촬영 공개…치명적 걸크러시	뉴스엔
'경이로운 소문' 측, ""러블리 김세정, 데뷔 이래 역대급 파격 변신""	enews24
김세정 스틸, 폭발적 걸크러시 매력 ""데뷔 이래 역대급 파격 변신""	미디어펜
'경이로운 소문' 김세정, 첫 스틸 공개.. 러블리 지우는 '치명 걸크러시' 폭발	스타데일리뉴스
‘경이로운 소문’ 김세정, 악귀 감지율 100% 인간 레이더...치명 걸크러시 폭...	매일경제
‘경이로운 소문’ 김세정, 악귀 감지율 100% 인간 레이더 변신 ‘기대감↑’	브레이크뉴스
"
2436,강소라,배우,30,10.0,"‘넘사벽 건강미’ 배우 강소라, 세리박스 뮤즈 된다	브릿지경제
[포토] 강소라, '건강미 넘치는 그녀'	한국경제
강소라, 건강미 넘치는 각선미 [MK포토]	MK스포츠
강소라 '흰티에 청바지로 드러낸 건강미'[엑's HD포토]	엑스포츠뉴스
'건강미 여신' 강소라 '건강의 비결은 걷기'[엑's HD포토]	엑스포츠뉴스
강소라, 청순미부터 건강미까지…비하인드 컷도 여신이네	스포츠동아
[포토] 강소라, '건강미의 대표주자'	한국경제
[ET-SNS] 강소라, 광고 촬영 중 해변가서 건강미 넘치는 모습 ""아직은 살짝 추...	전자신문
강소라, 감탄 자아내는 건강미 넘치는 자태 '보기만 해도 시원해'	울산매일신문
강소라, 시리얼 광고 모델 발탁 '건강미 물씬'	엑스포츠뉴스
"
1047,윤진서,배우,37,10.0,"윤진서, 건강미+우아함 담은 제주도 웨딩 화보 공개	MBC연예
윤진서, 제주도 리얼 라이프 화보 '건강미 가득'	뉴스1
‘제주 새댁’ 윤진서, 하와이 사로잡은 건강미 [화보]	스포츠동아
윤진서 ""제주도 삶, 스스로 의미 찾는 치열함 생겼다""… 우아+건강미 넘치는 ...	경인일보
'제주도 신부' 윤진서, 건강미 넘치는 웨딩 화보 공개	아시아경제
‘새신부’ 윤진서, 건강미 넘치는 하와이 화보	뉴스엔
윤진서 비키니 요가, '섹시미+건강미' 탄탄한 보디라인 '눈길'	경인일보
윤진서, 화보로 남성팬 유혹 '섹시미 or 건강미'	enews24
윤진서, 건강미 넘치는 그녀!	서울경제
윤진서, 제주도 리얼 라이프 화보 통해 ‘건강미’ 발산	아주경제
"
1608,배그린,배우,31,10.0,"배그린 42kg→51kg, 박신혜 조언으로 건강미 넘쳐 ..파격 수영복 [화보]	서울경제
'여자 김종국' 배그린, 꿀복근 공개…탄탄한 건강미	조이뉴스24
""신비로운 분위기"" 배그린, 청량한 건강미(화보)	뉴스컬처
배그린, 건강미 넘치는 화보 공개 ""박신혜 조언으로 필라테스 시작""	스타데일리뉴스
'42kg→51kg' 배그린 파격 수영복 화보 ""여자 김종국이라 불려""	한국경제
배그린 ""43kg→51kg, 절친 박신혜 조언이 내 인생 바꿨다"" [화보]	스포츠조선
배그린 ""운동? 하루 3시간 기본.. 여자 김종국으로 불려""	이데일리
배그린 ""42kg→51kg, 절친 박신혜가 내 인생 바꿨다""[화보]	헤럴드POP
‘42kg→51kg’ 배그린, 여자 김종국다운 수영복 화보[포토엔]	뉴스엔
""하루 3시간 운동 기본"" 배그린, 42kg→51kg 수영복 화보 공개 '탄력 S라인'	중부일보
"
2065,김재경,배우,31,10.0,"[화보IS] 김재경, 남다른 건강미 '걸크러시 매력'	일간스포츠
김재경, 생애 첫 언더웨어 모델 변신…건강미 넘치는 '완벽 S라인'	스포츠한국
김재경, 생애 첫 속옷 화보…독보적인 '건강미'	머니투데이
김재경, 넘치는 에너지 발산! 탄탄한 건강미 과시(화보)	마켓뉴스
김재경, 언더웨어 모델 발탁… 탄탄한 건강미 뽐내	머니S
김재경, 탄탄한 건강미 돋보이는 화보 공개	비즈엔터
김재경, 스포츠웨어 광고 모델 발탁...NS윤지와 함께 건강미 과시	서울경제
[포토] 김재경, 화려한 의상으로 ‘건강미 어필’	MBN
[포토] 김재경, 여름 화보 통해 ‘건강미 발산’	MBN
김재경, 건강미 살리는 구릿빛 피부	스포츠한국
"
1243,에일리,가수,31,10.0,"[포토] 에일리 '건강미 돋보이는 각선미'	한국경제
[포토] 에일리 '건강미 넘치게'	스포츠조선
에일리 `건강미 넘치는 무보정 각선미` [MBN포토]	MBN
[포토] 에일리 '시스루로 돋보이는 건강미'	한국경제
에일리 10kg 감량, 각선미 변천사 비교 '건강미→섹시미'	엑스포츠뉴스
에일리 `건강미 돋보이는 워킹` [가요대축제]	MBN
에일리 근황, 군살 없이 쭉 뻗은 다리…'건강미 넘쳐'	데일리한국
가요대제전 에일리 효린 제시, 가슴 뚫리는 사이다 무대 ""건강미 넘쳐""	한국경제TV
에일리 10kg 감량 무보정 샷, 건강미 ‘철철’…한국의 비욘세 등극?	한국경제
에일리, 핫팬츠 패션에 돋보이는 건강미 넘치는 각선미 '눈길'	스페셜경제
"
873,이엘,배우,38,10.0,"[포토] 이엘 '살짝 드러난 건강미'	일간스포츠
배우 이엘, 피트니스 화보 ‘넘치는 건강미’	뉴스1
이엘, 탄탄한 보디라인과 완벽한 S라인 ‘건강미 눈길’	동아일보
이엘, 건강미 넘치는 피트니스룩 화보 공개	디지털타임스
이엘, 건강미 넘치는 무결점 몸매로 시선 강탈	부산일보
이엘 화보 ‘도깨비’ 삼신할매는 어디에? ‘건강미 넘치는 섹시’	서울신문
이엘, ‘도깨비’ 삼신할매 벗고 건강미 발산..시크한 아우라 ‘감탄’	한국경제
이엘, 건강미 넘치는 '굿바디'로 남심저격	스타데일리뉴스
이엘, 건강미 넘치는 몸매 공개 ‘슬림+탄탄’	MBN
이엘, 피트니스 화보 공개…""건강미 넘치는 보디라인""	머니투데이
"
1125,유인영,배우,36,10.0,"유인영, 서핑화보 통해 건강미 과시	스포츠조선
유인영, 서핑 화보.. 숨겨왔던 건강미 과시	이데일리
유인영, 건강미 과시 '쭉뻗은 인형몸매'	스포츠월드
유인영, 서퍼룩 선보이며 숨겨왔던 건강미 과시 [화보]	엑스포츠뉴스
20대 워너비 유인영, 서핑화보 통해 건강미 ‘발산’	아주경제
유인영, 서핑 화보… ‘숨길 수 없는 특급 건강미야!’	스포츠동아
유인영, 인형 외모에 건강미 추가..완벽 수영복 패션	OSEN
[포토] 유인영, '건강미 넘치는 각선미'	세계일보
유인영, 서핑화보 통해 인형외모 뒤 숨겨진 ‘섹시건강미 과시’	파이낸셜뉴스
유인영, 서핑 화보 속 숨겨진 건강미 발산…'반전 매력'	TV리포트
"
1126,유인나,배우,38,10.0,"[화보] 유인나, 음료 광고 화보서 ‘특급’ 건강미 발산	스포츠경향
유인나, 음료 브랜드 모델 발탁 ‘건강미 결정체’	한국경제TV
유인나, 뷰티 아이콘다운 건강미	뉴스엔
코카-콜라사, 유인나 건강미 담은 ‘신체건강 W' TV 광고 공개	글로벌경제
코카콜라, 유인나 ‘태양의 신체건강 W' TV 광고 현장 공개	조세일보
코카콜라. 식후비법 더블유W차 + 유인나 화보 공개	조세일보
코카콜라 더블유W차, 배우 유인나 광고 비하인드컷 공개	국민일보
유인나, '태양의 식후비법 W차' 모델 발탁…건강미의 아이콘	미디어펜
유인나, 별거 안 입어도 빛나는 진짜 명품 보디[포토엔]	뉴스엔
건강 미녀 유인나, 무결점 몸매 먹방 현장 포착	한국경제TV
"
2374,고준희,배우,35,9.0,"배럴, 배럴데이 '최대 50％ 할인'..건강미 돋보이는 고준희 화보 '눈길'	한국경제
고준희, 건강미 넘치는 보디라인 [화보]	스포츠경향
[화보] 배럴걸 재발탁 고준희, 건강미 넘치는 탄탄한 바디라인 자랑	노컷뉴스
고준희, 돋보이는 건강미 [화보]	엑스포츠뉴스
고준희, 건강미 넘치는 수영복 자태 '명품 복근' [화보]	엑스포츠뉴스
`단발여신` 고준희 수영복 화보…건강미 넘치는 명품 복근 ‘눈길’	매일경제
고준희 ""건강미는 필수, PT와 필라테스 병행 중"" [화보]	헤럴드POP
고준희, 여름향기 물씬 풍기는 시원한 비주얼 “건강미 필수”[포토엔]	뉴스엔
고준희 ""건강미 필수, PT+필라테스 병행 중"" [화보]	TV리포트
"
441,조보아,배우,29,9.0,"""발랄한 건강미"" 조보아, 자전거 라이더 변신…에너지 발산	스포츠조선
조보아, '건강미 넘치는 자태' (팬사인회)	서울경제
‘배틀트립’ 조보아, ‘탄탄 건강미+무더위 날리는 시원미소’ 시선강탈	한국경제TV
조보아, 건강미 넘치는 취미 공개 [★해시태그]	엑스포츠뉴스
‘이별이 떠났다’ 조보아, ‘상큼 단발머리’ 대학생으로 변신! ‘건강미 뿜...	MBC연예
조보아, 건강미와 상큼함 동시 발산 ‘비타보아’ 등극	한국경제TV
조보아, 넘치는 상큼+건강미 발산..역시 ‘인간 비타민’	파이낸셜뉴스
조보아 건강미 흠뻑	한라일보
조보아, 건강미부터 청순미까지 다 된다…감탄 부르는 잘록 허리	마이데일리
"
1075,윤소희,배우,27,8.0,"‘아이언 레이디’ 윤소희, 운동 중인 모습 포착…건강미 넘치는 자태	동아일보
'아이언 레이디' 윤소희, 건강미 뽐내며 운동…걸크러쉬 매력폭발	스포츠조선
‘아이언 레이디’ 윤소희, 운동하는 자태도 남달라…‘건강미 물씬’	MBN
'아이언 레이디' 윤소희, 촬영 중 건강미 발산…""땀 흘려도 섹시해""	머니투데이
‘연극이 끝나고 난 뒤’ 윤소희, 운동하는 모습 “건강미 발산”	서울경제
‘아이언 레이디’ 윤소희, 건강미 넘치는 운동 스틸 컷 공개	아주경제
'연극이 끝나고 난 뒤' 윤소희, '아이언 레이디' 촬영 포착 '건강미 발산'	OBS
아이언 레이디 윤소희, 걸크러쉬 파이터의 건강미 뿜뿜	TV리포트
"
1249,엄현경,배우,33,8.0,"성큼 다가온 여름, 엄현경 건강미 넘치는 화보 공개	노컷뉴스
엄현경, 건강미 돋보이는 '컬러풀 섹시 화보'	MBC연예
'로드 트립' 컨셉 화보 촬영 엄현경 건강미 발산	국제신문
엄현경, 남다른 건강미 발산…청순 미모에 반전 몸매	한국경제TV
[포토] 엄현경, 건강미 넘치는 입장	매일경제
엄현경, 친근한 이미지에 가려진 건강미	MBN
[포토] 엄현경, '건강미 넘치는 모습'	한국경제
엄현경, 괌에서 촬영한 건강미 넘치는 화보 공개	스포츠경향
"
4,효연,가수,31,8.0,"효연 `건강미 넘치는 몸매` [MK포토]	MK스포츠
효연 `건강미 넘치는 보디라인` [MBN포토]	MBN
효연, 하와이 태양 아래 빛나는 미모 '청순&건강미' [화보]	엑스포츠뉴스
[포토] 소시 효연 '스키패션에도 건강미 발산'	스포츠조선
소녀시대 효연, 탄력 복근으로 뽐낸 건강미	TV리포트
[포토] 효연 '건강미 넘치는 꿀벅지'	스포츠조선
[포토엔]소녀시대 효연 ‘건강미 돋보이게 하는 초밀착 원피스’(가요대전)	뉴스엔
[사진]소녀시대 효연,'건강미 넘치는 각선미'	OSEN
"
1387,스테파니,가수,33,8.0,"[DA:리뷰] ‘라스’ 스테파니 “50대 ♥브래디 앤더슨, 건강미+재력 여전해”...	스포츠동아
스테파니, 브라톱+레깅스 입고 반려견과 산책…넘치는 건강미	마이데일리
[N샷] '브래디 앤더슨♥' 스테파니, 브라톱+레깅스로 건강미	뉴스1
스테파니, 건강미 삼킨 피부미녀라 불러다오 [화보]	스포츠동아
스테파니 리, 정말 긴 다리..'건강미'	스타뉴스
스테파니, 건강미 넘치는 매력 '자체발광 투명 미모' [화보]	엑스포츠뉴스
스테파니 리, 언더웨어 화보서 건강미 뽐내..바짝 선 복근	이데일리
스테파니 라이스, 비키니 사진에 건강미 '눈길'	장애인신문
"
1481,설리,배우,26,8.0,"[포토] 설리, 브라탑으로 뽐낸 ‘성숙한 건강미’	서울신문
설리, '캘빈클라인 퍼포먼스' 화보 공개…""건강미 넘쳐""	머니투데이
설리, 건강미 넘치는 에너제틱 애슬레저룩 '이 매력 대체불가'	패션엔
설리, 뽀얀 우윳빛 건강미..도발적인 포즈도 진리 [화보]	OSEN
루나 설리, SM타운 행사서 빛낸 물오른 미모…건강미 VS 청순미 폭발	MBN
루나 설리, 청순미냐 건강미냐 ‘선택하려면 머리 아플 듯’	스포츠동아
[N샷] 설리, 탄탄 복근 공개…넘치는 건강미 발산	뉴스1
설리, 멕시코 칸쿤에서 선보인 비치 룩…건강미 '물씬'	머니투데이
"
1395,수영,배우,30,8.0,"소녀시대 수영, 첫 속옷 화보 공개…건강미 '물씬'	머니투데이
'♥정경호' 수영, 언더웨어 화보서 건강미 넘치는 '봄의 여신'[화보S]	스포티비뉴스
'전 수영 얼짱' 정다래, 섹시+건강미 넘치는 수영복 몸매 [★해시태그]	엑스포츠뉴스
'나 혼자 산다' 성훈, 철인 3종 대회에서 전체 5위, 수영 1위 등극! '건강미'...	MBC연예
수영, 싱그러운 매력! 건강미 넘치는 윈터 애슬레저룩	패션엔
""매혹의 눈빛""…정다래, 수영 여신의 건강미[화보]	헤럴드POP
[포토] 소녀시대 수영 '건강미 묻어나는 브이~'	스포츠조선
[포토] 수영, 건강미 넘치는 미소	매일경제
"
36,홍진영,가수,35,8.0,"[T포토] 홍진영 '건강미 넘치는 각선미'	TV리포트
남궁민 홍진영 우결 합류, 환상의 조합… “건강미가 넘치네!”	동아일보
남궁민 홍진영 우결 합류, 건강미 커플… “어떤 모습 보여줄까?”	동아일보
홍진영, 구릿빛 피부로 건강미 과시…“바비인형 미모”	스포츠동아
홍진영, 늘씬+탄탄 건강미 뽐내 ""이렇게 예쁘다니""	더리더
남궁민 홍진영 우결 합류, 보기만 해도 건강미 느껴져… “대박이다!”	동아일보
[사진] 홍진영 '넘치는 건강미'	뉴스핌
홍진영 역대급 건강미 '이렇게 글래머였어?' 깜짝!	MBN
"
68,혜리,가수,26,8.0,"[포토]걸스데이 혜리, 쇄골 미인 '건강미 철철~'	이데일리
[SS포토] 혜리, 건강미 탑재한 워킹 (하이드 지킬, 나)	스포츠서울
[SS포토] 혜리, 건강미 물씬 풍기는 워킹 (하이드 지킬, 나)	스포츠서울
[포토] 혜리, '건강미 넘치는 발걸음~'	한국경제
걸스데이 혜리, 건강미 넘치는 화보 '탄탄한 복근'	엑스포츠뉴스
[포토] 혜리 '건강미 드러내는 한여름 패션'	스포츠조선
[포토] '딴따라' 혜리, 건강미 넘치는 쇄골라인!	스포츠조선
걸스데이 혜리 '건강미 철철'	스포츠한국
"
2126,김아중,배우,38,7.0,"'독보적 분위기' 김아중, 건강미 넘치는 수영복 화보	뉴스1
김아중 화보서 팔색조 매력 과시 '섹시+건강미'	경인일보
김아중, 군살 없는 수영복 자태…건강미 '물씬'	머니투데이
김아중, 건강미 넘치는 화보 공개	아시아경제
하와이의 바람, 풀, 대지, 공기와 하나 된 김아중, 건강미 물씬 [화보]	매일경제
김아중, 건강미 넘치는 래쉬가드화보 공개...숨겨둔 볼륨감 '눈길'	부산일보
[SW포토] 김아중, 건강미 넘치는 섹시함 ‘팔색조 매력’	스포츠월드
"
1765,바다,가수,40,7.0,"유이, 바다 앞 여유로운 미소 ‘건강미’ 뿜뿜 [SNS★컷]	뉴스엔
[포토] 바다, '건강미 돋보이는 각선미'	스포츠조선
바다, `건강미 넘치는 하객패션` [MBN포토]	MBN
[포토] 바다, 매력 넘치는 건강미!	스포츠조선
바다, `건강미 넘치는 탄력 각선미` [MBN포토]	MBN
[포토] 가수 바다, 건강미 넘치는 입장	매일경제
바다, 빛나는 구리빛 건강미 [MK포토]	MK스포츠
"
1139,유빈,가수,32,7.0,"유빈, 건강미 넘치는 11자 복근...""2020 첫 운동""	매일경제
유빈, 래쉬가드 화보로 드러난 섹시+건강미[화보]	스포츠조선
유빈, 건강미美+청순美가 공존하는 팔색조 매력 [화보]	OSEN
유빈 `건강미 가득` [MK포토]	MK스포츠
[포토] 원더걸스 유빈 '건강미 돋보이는 각선미'	한국경제
유빈, 건강미 넘치는 구릿빛 피부	뉴스1
[경인포토]원더걸스 유빈, 건강미 넘치는 구릿빛 피부 '시선 싹쓸이'	경인일보
"
1749,박나래,개그우먼,34,7.0,"'나혼자 산다' 박나래, 홍현희·미주와 건강미 다이어트…빅재미 예고	TV리포트
‘나 혼자 산다’ 박나래, 독보적인 건강미로 매력 폭발	TV리포트
'나혼자산다' 박나래, 진동 댄스→파워 워킹, 다이어터 모드 전격 돌입	스포츠조선
'나혼산' 박나래, 폭소 주의보..폭풍 흡입 다이어터	스타뉴스
‘플랜맨’ 은지원, 박나래 건강미에 “브록레스너 같다”	MBN
'나 혼자 산다' 박나래, 다이어터 모드 돌입.. 독보적 텐션으로 안방극장 접수	MBC연예
'나 혼자 산다' 박나래, 진동 댄스부터 파워 워킹까지 독보적인 매력	헤럴드POP
"
307,초아,가수,30,7.0,"[오마이포토] AOA 초아, 성숙미와 건강미의 조화	오마이뉴스
[포토] AOA 초아 '건강미 발산하는 각선미'	스포츠조선
AOA 초아, 스포츠브랜드 화보공개 ‘통통 튀는 건강미’	스포츠동아
[포토]'AOA' 초아, 건강미 넘치네!	헤럴드POP
AOA 초아, 티저 사진 '건강미 발산'	이데일리
AOA 초아, 스냅백 완벽 소화 '건강미 발산'	엑스포츠뉴스
'마이리틀텔레비전' 초아, 건강미 넘치는 매력 통했다	스포츠월드
"
1145,유라,가수,27,7.0,"걸스데이 유라, 래시가드 입고 뽐낸 건강미	노컷뉴스
[포토] 걸스데이 유라 '건강미 돋보이는 각선미'	한국경제
걸스데이 유라, 복분자주 모델 발탁 '건강미 통했다'	뉴스1
[SS포토] 걸스데이 유라, 건강미 넘치는 꿀벅지	스포츠서울
[포토] 유라 '건강미 넘치는 미모'	스포츠조선
[T포토] 유라 '건강미 넘치는 S라인'	TV리포트
[포토] 유라 '눈길 사로잡는 건강미'	스포츠조선
"
1917,나르샤,가수,38,7.0,"나르샤, 꾸준한 관리+다이어트의 결과물 '건강미 폭발'[화보]	스포츠조선
나르샤, 건강미 넘치는 수영복 화보 공개 '꾸준한 관리+다이어트 결과물'	스포츠서울
나르샤, '즐거운 감량생활'로 다이어트 성공…건강미 발산 [화보]	엑스포츠뉴스
나르샤, 건강미 넘치는 수영복 화보 공개 '시선강탈'	Queen
나르샤, 다이어트 성공…볼륨감 넘치는 건강미 공개	스포츠경향
나르샤, 건강미 넘치는 일상샷 ‘시선 집중’	뉴스컬처
나르샤, 레드 원피스로 드러낸 건강미 넘치는 몸매 [★해시태그]	엑스포츠뉴스
"
936,이상화,개그맨,47,7.0,"이상화, 블랙 칼단발로 이미지 변신→섹시·건강미에 ♥강남, 애정폭발 ""이뽀...	스포츠조선
[화보] 평창 홍보대사 이상화, 드레스로 못 감춘 건강미	국민일보
이상화, 헬스장 직찍 사진 포착! '건강미 넘치는 섹시미'	중도일보
이상화, 빙속 여제의 변함없는 건강미 ""세계 제패 이유있다""	경기도민일보
이상화, '건강미 넘치는 걸음'	서울경제
'강남♥' 이상화, 헬스장 셀카 공개 '넘치는 건강미' [★해시태그]	엑스포츠뉴스
이상화, 체중 공개에 섹시화보 재조명	동아일보
"
1438,손태영,배우,40,6.0,"손태영, 건강미 넘치는 뒤태…남편 권상우 반할 수 밖에 [똑똑SNS]	MK스포츠
손태영, 자기 관리의 끝판왕…♥권상우가 반한 건강미 [★해시태그]	엑스포츠뉴스
[포토] 손태영, 건강미 넘치는 미모!	스포츠조선
‘건강미를 담은 아름다움’ 손태영, 당당한 여신 이미지 TV CF 첫 공개	MBC연예
""빨간 쉬폰드레스 흩날리며"" 손태영, 고혹+건강미 폭발 광고	enews24
권상우 손태영 부부 등산 데이트, “건강미 넘쳐…”	동아일보
"
758,이청아,배우,35,6.0,"이청아, 건강미 넘치는 근황 ‘남심강탈’	한국일보
이청아, 건강미 넘치는 일상…탄탄한 복근 '시선 강탈' [★해시태그]	엑스포츠뉴스
""선명한 복근"" 이청아, 탄탄한 보디라인 '건강미↑'	일간스포츠
이청아 '건강미 뿜뿜'	뉴스1
이청아 '건강미 넘치는 모습'	뉴스1
이청아, 운동으로 다져진 탄탄한 몸매…넘치는 건강미	마이데일리
"
1362,신세경,배우,30,6.0,"신세경, 건강미 넘치는 애슬릿룩 '눈길'	서울경제
신세경, 건강미 넘치는 피트니스 룩 화제	조선비즈
신세경 물구나무 ""바들바들""…건강미 넘치는 S라인 몸매	뉴스1
신세경 '안다르' 레깅스 패션 공개…건강미 넘치는 화보컷 '눈길'	아주경제
신세경, 블랙야크 모델 발탁…래시가드입고 건강미 보여주나	마이데일리
신세경, 건강미 물씬 복근 공개?	한국경제TV
"
355,진세연,배우,26,6.0,"진세연, 복근이 살짝...상큼 가득 건강미 [포토뉴스]	뉴스컬처
진세연, ‘섹시+건강미’ 넘치는 매력 발산	한국경제TV
진세연, 화보 공개 '섹시+건강미 넘쳐'	이데일리
진세연, 섹시+건강미 넘치는 매력발산	뉴데일리
[화보] 진세연, 섹시+건강미 넘치는 화보 ‘신비로운 여인’	스포츠경향
진세연, 건강미 넘치는 도도+신비 눈빛	OSEN
"
1455,손담비,가수,37,5.0,"[MD포토] 손담비, '건강미 넘치는 손인사'	마이데일리
손담비 '건강미 넘치는 스타일' [포토]	엑스포츠뉴스
`퀸` 손담비, 스포츠화보로 건강미+섹시미 과시	이데일리
건강미 넘치는 손담비, 스포티룩도 완벽 소화[비하인드컷]	뉴스엔
손담비, 건강미 넘치는 명품몸매 공개 '감탄사 절로나오네~'	enews24
"
1696,박신혜,배우,30,5.0,"박신혜, 건강미 넘치는 각선미 [MK포토]	MK스포츠
배그린 42kg→51kg, 박신혜 조언으로 건강미 넘쳐 ..파격 수영복 [화보]	서울경제
박신혜 관악산 등산, 건강미 넘치는 모습	MBN
배그린 ""43kg→51kg, 절친 박신혜 조언이 내 인생 바꿨다"" [화보]	스포츠조선
박신혜 관악산 등산, 건강미 넘치는 미소 ""즐거운 주말""	OBS
"
1369,신민아,배우,36,5.0,"신민아, 건강미 발산	이데일리
건강미 넘치는 신민아 패션지 화보 ‘실망시키지 않아’	스포츠경향
배우 신민아, 쎌바이오텍 '듀오락' 모델로 건강미 뽐내	스포츠조선
신민아, 여성스러운 건강미 남성지 '아레나'표지 폭풍 발산 '매혹적인 눈빛'	부산일보
[포토] 신민아, 아웃도어 브랜드 모델 발탁…건강미 발산	MBN
"
730,이혜영,가수,48,5.0,"이혜영, 건강미 넘치는 구릿빛 피부..세련된 스타일링	헤럴드POP
이혜영, '언빌리버블' 몸매 ""건강미 넘치는 다리 미인"" [★SHOT!]	OSEN
이혜영, 건강미 넘치는 수영복 자태...""49살 믿기지 않아""	텐아시아
이혜영, 수국꽃 옆에서 뽐낸 모델 몸매..구릿빛 건강미[★SHOT!]	OSEN
이혜영, 탄탄한 건강미 발산 '완벽 비키니 자태'	브릿지경제
"
419,조이,가수,24,5.0,"레드벨벳(RedVelvet) 조이, 건강미 넘치는 미모	웹데일리
[포토] 페드벨벳 조이 '건강미 발산하며'	스포츠조선
레드벨벳 조이, 건강미 넘치죠? [KBS 가요대축제]	MK스포츠
레드벨벳(REDVELVET) 조이, '건강미 넘치는 자태' (2018 소리바다어워즈)	서울경제
조이, 넘치는 건강미 [서가대]	MK스포츠
"
2389,고성희,배우,30,5.0,"고성희, 필라테스로 다져진 건강미 과시	스포츠경향
‘건강미 뿜뿜’ 고성희, 운동복 화보 “많은 모습 보여주고파”	뉴스1
고성희, 짧고 달라붙는 의상에도 굴욕은 커녕 건강미 물씬	이데일리
고성희, 건강미 뽐낸 화보 ""평소 좋아하던 이보영 '마더'로 만나""	enews24
‘마더’ 고성희, 건강미 넘치는 화보…“취미는 필라테스-여행-꽃꽂이”	국제신문
"
362,진,가수,27,5.0,"‘친절한 진료실’ 김혜진, 틈새 운동+초유 단백질…건강미 비결 공개	MK스포츠
‘친절한 진료실’ 김혜진, 건강미 넘치는 일상 공개	MBN
[스타포토]AOA 설현, 시선강탈 진 화보 공개…'압도적 건강미' 발산	스포츠서울
미스코리아 진 김진솔, 건강미 기품 갖춘 우월 외모	전자신문
‘베이글녀’ 설현, 시선강탈 진 화보 공개…압도적 건강미 발산	한국경제TV
"
1179,옥주현,가수,40,5.0,"옥주현, 눈에 띄는 물오른 미모..탄탄 건강미는 덤	헤럴드POP
옥주현, 건강미 넘치는 근황…이진·성유리 마음에 쏙 ""이렇게 예쁘면 반칙""	뉴스컬처
“건강미” 옥주현, 10년만에 아로나민씨플러스 모델로 귀환	서울경제
옥주현, 62㎏ 체중 공개 후 필라테스로 다진 몸매…탄탄한 건강미	스포츠한국
[T포토] 옥주현 '하트가 건강미 넘쳐'	TV리포트
"
2261,김다솜,가수,27,5.0,"김다솜, 생기 넘치는 건강미 [리포트:컷]	TV리포트
[HI★포토] 구릿빛 김다솜, 물오른 건강미	한국일보
‘씨스타→배우’ 김다솜, 여전히 건강미 넘치는 보디라인[포토엔]	뉴스엔
김다솜 `건강미 넘치는 S라인` [MK포토]	MK스포츠
""이 몸매 실화?"" 배우 김다솜, 건강미 뽐내는 명품 보디라인	한국경제
"
2253,김도연,가수,20,5.0,"[bnt포토] 김도연 '단아한 자태 속 돋보이는 건강미'(자연미인선발제전)	bnt뉴스
김도연, 필라테스 다져진 몸매..건강미 물씬 [★SHOT!]	OSEN
[bnt포토] 위키미키 김도연 '순백의 건강미'	bnt뉴스
김도연, 건강미 넘치는 포즈! (위키미키 쇼케이스)	서울경제
[엑's HD] 위키미키 김도연 '넘치는 건강미'	엑스포츠뉴스
"
2362,공효진,배우,40,5.0,"공효진, 화보 통해 여전한 건강미 뽐내	MBC연예
공효진 오리발, 깡 마른줄 알았는데 건강미 넘치는 11자 각선미	충청일보
공효진, 교통사고 前 건강미 넘치는 화보 공개	뉴스웨이
'주군의 태양' 공효진, 오리발 신고 건강미 넘치는 각선미 뽐내	bnt뉴스
[bnt포토] 공효진, 건강미 넘치는 각선미	bnt뉴스
"
201,태양,가수,32,5.0,"박은지, 하와이 태양 아래서 빛나는 건강미 과시	파이낸셜뉴스
효연, 하와이 태양 아래 빛나는 미모 '청순&건강미' [화보]	엑스포츠뉴스
[엑's HD포토] SF9 태양 '넘치는 건강미'	엑스포츠뉴스
'주군의 태양' 공효진, 오리발 신고 건강미 넘치는 각선미 뽐내	bnt뉴스
이하늬, 건강미 넘치는 화보로 시선강탈...뜨거운 남국의 태양 아래서	부산일보
"
461,제아,가수,39,5.0,"브아걸 제아, 물오른 미모와 건강미 넘치는 화보 공개 ?	한국경제TV
브아걸 제아, 한껏 물오른 건강미…탄탄 그 자체[화보]	스포츠동아
브아걸 제아, 건강미 넘치는 화보 ‘물오른 미모’	뉴스엔
브아걸 제아, 물오른 미모-건강미 넘치는 화보 공개	스포츠서울
브아걸 제아, 원조 센언니의 섹시 건강미 [화보]	마이데일리
"
598,전소미,가수,19,5.0,"전소미, 선명한 복근+탄탄한 몸매…필라테스로 건강미 넘치는 근황 공개	스포츠조선
[화보] 전소미, 운동화 모델로 건강미 발산	노컷뉴스
단발 변신 전소미, 건강미 넘치는 매력 '통통'	스타뉴스
'단발 변신' 전소미, 톡톡 튀는 건강미 담긴 반전 매력(화보)	스포츠서울
""개미허리+탄탄 몸매"" 전소미, 건강미 넘치는 수영복 자태 [★SHOT!]	OSEN
"
710,임세미,배우,33,5.0,"‘오늘부터 사랑해’ 임세미, 건강미 넘치는 인증샷 눈길	한국경제TV
'오늘부터 사랑해' 임세미, 건강미 넘치는 인증샷 '유연성 과시'	OBS
'오늘부터 사랑해' 임세미 건강미 넘치는 모습으로 시선 집중	부산일보
‘오늘부터 사랑해’ 임세미, 건강미 넘치는 비하인드 컷 공개	스포츠경향
‘오늘부터 사랑해’ 임세미, 건강미 넘치는 비하인드컷…‘남다른 유연성’	MBN
"
2087,김유정,배우,21,5.0,"김유정, 애니멀 프린트 원피스 입고…건강미 '물씬'	머니투데이
김유정, 래시가드로 드러낸 탄탄 복근 ‘건강미 폭발’[화보]	뉴스엔
김유정, `건강미 넘치는 각선미` [MBN포토]	MBN
김유정, 발랄한 테니스걸 변신 ‘건강미 넘치는 자태’[포토엔]	뉴스엔
[★SHOT!] 김유정, 되찾은 미소..건강미 뿜뿜	OSEN
"
255,최은주,배우,41,4.0,"최은주, 명품 식스팩 복근…감탄 터지는 건강미	스포츠조선
[포토S] 최은주, 감출 수 없는 건강미	스포티비뉴스
[포토S] 배우 최은주, 건강미 넘치는 몸매	스포티비뉴스
[스경포토] [머슬마니아] 최은주, 동안 미모에 건강미	스포츠경향
"
22,황석정,배우,49,4.0,"'당나귀 귀' 황석정, 탄탄한 등+팔근육 '건강미'→대회 참가 결정 '최고 12.8...	스포츠조선
[포토] 황석정, '운동으로 되찾은 건강미'	한국경제
[포토] 황석정, '건강미 넘치는 포즈~'	한국경제
'당나귀 귀' 황석정, 탄탄한 등+팔근육으로 뽐낸 건강미 '반전 매력'	엑스포츠뉴스
"
1754,박규리,배우,32,4.0,"[포토] 카라 박규리 '돋보이는 건강미'	한국경제
[포토] 카라 박규리, 건강미 넘치는 모습!	스포츠조선
[포토] 카라 박규리, 건강미 넘치는 파워댄스!	스포츠조선
[포토] 카라 박규리, 건강미 넘치는 복근	서울경제
"
5,효민,가수,31,4.0,"효민, 요가복 입고 완벽 뒤태 자랑..건강미 뿜뿜	스타뉴스
효민, 골프웨어도 완벽 소화…건강미 넘치는 몸매	마이데일리
[포토엔]티아라 효민 ‘건강미 넘치는 탄력각선미’	뉴스엔
[T포토] 효민 '건강미 넘치는 미소'	TV리포트
"
1541,빅토리아,가수,33,4.0,"빅토리아 베컴, 파격 화보…건강미 돋보여	스포츠동아
[포토] 건강미 넘치는 빅토리아 시크릿 패션쇼 모델	이데일리
빅토리아, 핫바디란 이런 것… 건강미 끝판왕!	스포츠동아
f(x) 빅토리아, 건강미 넘치는 바디라인 공개	한국경제TV
"
1490,서효림,배우,35,4.0,"서효림, 탄탄 보디 라인 화보 공개...'건강미 물씬'	헤럴드경제
[사진]NTC끝낸 서효림,'건강미 발산'	OSEN
서효림, 도로 위 여름 여신 ‘건강미 발산’	SBS funE
서효림, 건강미 넘치는 매끈 S라인 돋보여	스포츠월드
"
1231,연정,가수,21,4.0,"[포토] 연정 '순백의 건강미'	일간스포츠
[포토] 우주소녀 연정 '건강미 발산'	스포츠조선
우주소녀 연정, 건강미 넘치게~ [포토엔HD]	뉴스엔
[포토] 우주소녀 연정 '건강미 넘치는 미모'	스포츠조선
"
309,청하,가수,24,4.0,"[포토] 청하 '건강미 뽐내는 댄스'	스포츠조선
[사진] 청하 '건강미가 넘쳐'	뉴스핌
청하 '건강미 뽐내며'[엑's HD포토]	엑스포츠뉴스
[MD포토] 청하 '건강미 넘치는 라인'	마이데일리
"
342,쯔위,가수,21,4.0,"TWICE(트와이스) 쯔위, 건강미 넘치는 미모	웹데일리
[포토] 쯔위, '건강미 물씬'	세계일보
[MD포토] 쯔위 '건강미 넘치는 미녀'	마이데일리
[포토엔]트와이스 쯔위 ‘건강미 넘치는 각선미’(SBS 가요대전)	뉴스엔
"
1393,수현,배우,35,4.0,"배우 수현, 뷰티 브랜드 '스쿠' 첫 모델 발탁...건강미 뽐내	한국면세뉴스
배우 수현, 건강미 넘치는 매력 화보 공개	부산일보
[포토] 수현, 건강미 넘치는 미소	뉴데일리
'몬스터' 수현, 역대급 '비밀요원' 탄생…미모부터 건강미까지 '완벽'	한국경제TV
"
421,조윤희,배우,38,4.0,"조윤희, 섹시미+건강미 넘치는 화보 공개 '시선집중'	충청일보
배우 조윤희, 구릿빛 피부의 건강미 넘치는 여름 화보 공개!	서울경제
조윤희 화보, 청순외모와 달리 탄탄몸매로 ‘섹시 건강미’ 과시	한국경제
[SW포토] 조윤희, 탄탄한 꿀벅지…건강미 넘치네	스포츠월드
"
580,전지현,배우,38,4.0,"전지현, 레깅스 패션도 독보적…'건강미 물씬' [화보]	마이데일리
‘천송이’ 전지현, 몸에 딱 붙는 아웃도어로 늘씬 건강미 과시	동아일보
전지현 화보, 건강미 넘치는 탄탄 몸매	농업경제신문
전지현 모관운동, 천송이표 건강미 비결은?	데일리안
"
1252,엄정화,배우,51,4.0,"엄정화, 첫 웨이크서핑으로 건강미 뽐내…""이거 영화야?""	헤럴드경제
[포토] 엄정화, 건강미 넘치는 미소!	스포츠조선
[포토] 엄정화, '건강미 돋보이는 얼굴'	스포츠조선
엄정화, 건강미 넘치는 구릿빛 피부…'美친 동안 미모'	경남데일리
"
1785,미나,가수,47,4.0,"미나, '건강미 뽐내며'	서울경제
미나, '건강미 돋보이는 시스루'	서울경제
‘건강미 넘치는 미나, 청순미가 팡팡~’[포토엔HD]	뉴스엔
[오늘의 포토] 가수 미나, 건강미 넘치는 화보 공개	서울신문
"
1784,미나,가수,20,4.0,"미나, '건강미 뽐내며'	서울경제
미나, '건강미 돋보이는 시스루'	서울경제
‘건강미 넘치는 미나, 청순미가 팡팡~’[포토엔HD]	뉴스엔
[오늘의 포토] 가수 미나, 건강미 넘치는 화보 공개	서울신문
"
1132,유승준,가수,43,4.0,"유승준 ""나 잘 살아있다"" 건강미 넘치는 근황 공개	매일경제
유승준 ""나 잘 살아있다, 아주 시퍼렇게""…건강미 넘치는 근황	마이데일리
유승준, 건강미 넘치는 근황…감탄 자아내는 팔근육	헤럴드POP
유승준 붕어빵 아들 공개 '건강미까지 닮았네'	OBS
"
1251,엄지원,배우,42,4.0,"[TEN PHOTO] 엄지원 '건강미 위해 태닝만 17번'	텐아시아
‘마스터’ 엄지원 “건강미 위해 17번 태닝, 결과는 별로”	매일경제
[포토] 엄지원, 건강미 넘치는 각선미!	스포츠조선
'마스터' 엄지원 ""건강미 위해 태닝만 17번..실패했다"" 폭소	OSEN
"
1906,남궁민,배우,42,4.0,"남궁민 여자친구 진아름, ""덥다아~"" 건강미 넘치는 일상 화제	뉴스컬처
남궁민 홍진영 우결 합류, 환상의 조합… “건강미가 넘치네!”	동아일보
남궁민 홍진영 우결 합류, 건강미 커플… “어떤 모습 보여줄까?”	동아일보
남궁민 홍진영 우결 합류, 보기만 해도 건강미 느껴져… “대박이다!”	동아일보
"
2345,구하라,가수,29,4.0,"[포토] 구하라, 발리 화보서 섹시+건강미 발산	이데일리
<포토뉴스> 구하라, 건강미 넘치는 해변의 여신	헤럴드경제
구하라, 건강미 넘치는 여름 화보 공개 '시선집중'	충청일보
구하라 화보 속 개미허리 과시…건강미 넘치는 매력女	TV리포트
"
1918,나나,가수,29,4.0,"나나 (우아!) ‘배꼽티로 드러낸 건강미’[포토엔HD]	뉴스엔
[포토] 나나, 건강미 뽐내	이데일리
나나, 화보 공개 '건강미 발산'	이데일리
[포토] 나나 '건강미 돋보이는 치아 미소'	스포츠조선
"
1943,김혜수,배우,50,4.0,"김혜수, 섹시 건강미의 대명사…마스크 써도 우아함 철철	헤럴드POP
김혜수, 건강미 넘치는 일상 '시선강탈'	한국일보
영화'미옥' 김혜수, 블랙으로도 감출수 없는 건강미[SS포토]	스포츠서울
김혜수, 보는 순간 빠져드는 '건강미'	시사포커스
"
1816,류화영,배우,27,4.0,"류화영, 건강미 돋보이는 테니스장에서의 하루	뉴스컬처
류화영 ""#건강미 #섹시한 #종아리알"" 테니스 여신의 셀피 한 컷	인천일보
류화영, 건강미 넘치는 각선미(손의 흔적)	서울경제
류화영, 건강미 넘치는 일상 화제	뉴스컬처
"
2045,김정화,배우,37,4.0,"[포토뉴스] 김정화, '건강미 넘치는 매력~!' (쎄라퀀비키니쇼 어워즈)	뉴스타운
[bnt포토] 김정화 '건강미 넘치는 구릿빛 피부'	bnt뉴스
[포토] 김정화, 건강미 넘치는 하트	시사포커스
김정화 `건강미 넘치는 옆라인` [MK포토]	MK스포츠
"
2104,김옥빈,배우,33,4.0,"김옥빈, 언더웨어 화보…탄탄한 건강미 발산	스포츠동아
김옥빈, 운동복 입고 뽐낸 건강미 “먹을 땐 좋았죠”[SNS★컷]	뉴스엔
[경인포토]'열한시' 제작보고회 김옥빈, 건강미 넘치는 탄탄한 각선미	경인일보
[OBS포토] 김옥빈, 건강미 넘치는 씨스루 패션 '남심 흔들'	OBS
"
1809,맹승지,개그우먼,34,3.0,"맹승지 '건강미 넘치는 바디라인'[포토]	엑스포츠뉴스
[포토]`오빠 나 몰라?` 맹승지, 로드걸 변신..건강미 뽐내	이데일리
맹승지, `건강미 넘치는 와인드업!` [MK포토]	MK스포츠
"
846,이유비,배우,29,3.0,"'견미리 딸' 이유비, 구릿빛 피부 공개…건강미 넘쳐	머니투데이
이유비 화보, 건강미+시크한 매력으로 젠더리스 스타일까지 완벽 소화	MBN
이유비 `건강미 넘치는 경례` [MK포토]	MK스포츠
"
1458,소이현,배우,36,3.0,"[포토] 소이현 '블루여신의 건강미'	일간스포츠
소이현, 만삭화보 공개…건강미 넘치는 당찬 예비맘	스포츠동아
소이현 임신해도 변치않는 '초특급 미모'…건강미 '철철'	SBS funE
"
1872,니콜,가수,29,3.0,"'아찔 뒤태 자랑'…카라 니콜, 건강미 넘치는 비키니 핏	마이데일리
'도끼 사촌누나' 니콜 셰르징거, 일상 모습 '건강미 넘쳐'	엑스포츠뉴스
도끼 혼혈, 니콜 셰르징거가 사촌?…건강미 넘치는 볼륨	MBN
"
1088,윤보라,배우,30,3.0,"[포토] 윤보라 '건강미 넘치는 매력'	스포츠조선
윤보라, 건강미 넘치는 바디라인 ""체육돌의 위엄""	데일리안
윤보라, 건강미 넘치는 몸매에 도전장은 내민 강자는?	데일리안
"
1030,은지,가수,32,3.0,"[포토] 에이핑크 은지 '건강미 가득 발사'	스포츠조선
[포토] 에이핑크 은지 '건강미 가득한 섹시 컨셉'	스포츠조선
브레이브걸스 은지, 건강미 넘치는 포즈	뉴시스
"
926,이성경,배우,30,3.0,"이성경, '건강미 넘치는 각선미'	서울경제
이성경, 아식스 새 뮤즈로 건강미 뽐내	스포츠조선
'역도요정 김복주' 이성경 ""건강미 강조에 초점 두고 몸 만들어""	경인일보
"
870,이연희,배우,32,3.0,"[포토] 이연희 '살짝 드러난 건강미'	일간스포츠
요가 강사 박초롱, 이연희 닮은꼴 입이 쩍…건강미도 돋보이네	스포츠서울
요가 강사 박초롱, 건강미 아이콘 등극?…배우 이연희 닮아 화제	스포츠서울
"
2081,김윤지,가수,32,3.0,"김윤지, 밀착 운동복 위로 드러난 탄탄 복근 '건강미 과시'	스포츠한국
김윤지, 수영복 입고 건강미 물씬 '물오른 미모' [★SNS]	스포츠서울
현대인 위한 에너지 포뮬러 브랜드 '헬스헬퍼'…배우 김윤지 모델 발탁	데일리그리드
"
763,이채영,배우,34,3.0,"이채영, 과감한 쩍벌 자세로 '후끈'…'넘치는 건강미'	스포츠서울
[MD포토] 프로미스나인 이채영, '건강미 가득한 공항패션'	마이데일리
이채영, 컬러풀 비키니 입고 건강미 과시	OSEN
"
1494,서현,가수,29,3.0,"서현, 숨길 수 없는 건강미…여인의 향기도 물씬	부산일보
지니 11자 복근 vs 서현 11자 복근, 女아이돌도 건강미 시대	bnt뉴스
""건강 위해 칼로리 체크""…소녀시대 서현, 맑은 건강미[화보]	헤럴드POP
"
564,정국,가수,23,3.0,"방탄소년단 정국, 넘치는 건강미와 잘생김	엑스포츠뉴스
방탄소년단 정국, 건강미 넘치는 ‘만찢남 비주얼’	엑스포츠뉴스
방탄소년단 정국 건강미 넘치는 '명품 피지컬'…스포티룩의 완성은 정국	엑스포츠뉴스
"
2215,김민주,배우,41,3.0,"김민주 '건강미 뿜뿜'[포토]	엑스포츠뉴스
[사진]아이즈원 김민주,'건강미 넘치는 복근'	OSEN
아이즈원 김민주, 건강미 넘치는 미모	스포츠한국
"
379,지민,가수,25,3.0,"AOA 지민, 식사 후 건강미 넘치는 웃음	스타뉴스
AOA 지민, 사랑스러운 미소..건강미 더해진 모습	헤럴드POP
'소녀 VS 숙녀'...AOA 지민, 야윈 몸매 걱정 날리는 건강미[화보]	enews24
"
319,채영,가수,21,3.0,"[포토] 채영, 건강미 넘치는 라인으로	매일경제
[TEN PHOTO]트와이스 채영 '건강미 넘치는 피부'	텐아시아
[e포토] 트와이스 채영, 넘치는 건강미	enews24
"
317,채정안,가수,43,3.0,"채정안, 감탄 부른 수영복 몸매 '건강미는 덤'	스포츠조선
채정안, 건강미 넘치는 구리빛 미모[포토엔HD]	뉴스엔
채정안, '건강미 넘치는 걸음걸이' (슈츠 종방연)	서울경제
"
249,최정원,배우,39,3.0,"최정원, 건강미 넘치는 자태	스포츠한국
최정원, 건강미 넘치는 미모	스포츠한국
최정원, 건강미 넘치는 구릿빛 피부	스포츠한국
"
2366,공유,배우,41,3.0,"[포토] 공유 '건강미 드러낸 시스루 패션'	스포츠조선
공유, 건강미 넘치는 섹시남 변신…여심 퐁당[화보]	스포츠동아
공유, 건강미 넘치는 섹시한 여름 남자로 변신	이데일리
"
162,하정우,배우,42,3.0,"하정우 “이선균, 특유의 따뜻함과 건강미 있는 형” [화보]	스포츠동아
'PMC: 더 벙커' 하정우 ""이선균에겐 특유의 따뜻함-건강미 있어""(화보)	스포츠서울
'PMC' 하정우 ""이선균의 따뜻함과 건강미, 사람들이 좋아하는 이유""	조이뉴스24
"
1466,성훈,배우,37,3.0,"'나 혼자 산다' 성훈, 철인 3종 대회에서 전체 5위, 수영 1위 등극! '건강미'...	MBC연예
배우 성훈, 건강미와 신선함으로 글로우라우디 샴푸 모델 발탁	한국경제
배우 성훈 건강미와 신선함으로 글로우라우디 샴푸 모델 발탁	스포츠서울
"
2463,가인,가수,33,3.0,"가인, 건강미 넘치는 각선미 ‘아찔’	매일경제
가인, 건강미 넘치는 탄탄한 각선미 공개	부산일보
가인, S라인의 정석..건강미 넘치는 각선미 '아찔'	OSEN
"
1818,류현경,배우,37,3.0,"류현경 `건강미` 화보 공개, ""마음을 보석처럼 여기면 아름다워질 것""	디지털타임스
류현경, 건강미 넘치는 각선미 [MK포토]	MK스포츠
[bnt포토] 류현경 '건강미 넘치는 슬림 각선미'	bnt뉴스
"
1563,백진희,배우,30,2.0,"'하의실종' 백진희, 건강미 뿜뿜 화보에 강렬한 시선	한스경제
[bnt포토] 백진희, 건강미 돋보이는 각선미	bnt뉴스
"
2313,기은세,배우,37,2.0,"줄리스초이스, 기은세 전속모델 발탁.... 신뢰감 있는 우아한 건강미 선보여	미래한국
기은세, 원피스 사이로 허리 노출..실루엣으로 드러난 건강미	헤럴드POP
"
1063,윤은혜,배우,36,2.0,"[bnt포토] 윤은혜, 그녀의 건강미 돋보이는 각선미(2014MAMA)	bnt뉴스
""땀도 흘리고 신나"" 윤은혜, 건강미 넘치는 근황 공개	TV리포트
"
1638,박한별,배우,35,2.0,"‘정은우와 결별’ 박한별, 근황 사진 보니…건강미 폭발	MBN
‘정은우와 결별’ 박한별, 근황 살펴보니…화장기 없는 민낯으로 건강미 과시	MBN
"
1792,문정희,배우,44,2.0,"드레스입은 문정희, `감출수 없는 건강미` [MBN포토]	MBN
[MD포토] 문정희 '건강미 넘치는 워킹'	마이데일리
"
1657,박준형,개그맨,44,2.0,"[MD포토] 박준형 '건강미 넘치는 구릿빛 피부'	마이데일리
박준형, 운동 자극하는 건강미 넘치는 뒷모습 ‘시선 스틸’	뉴스컬처
"
1658,박준형,가수,51,2.0,"[MD포토] 박준형 '건강미 넘치는 구릿빛 피부'	마이데일리
박준형, 운동 자극하는 건강미 넘치는 뒷모습 ‘시선 스틸’	뉴스컬처
"
390,주원,배우,33,2.0,"주원, 전역 후 상남자 됐다…건강미 폭발 광고 비하인드컷	TV리포트
제대 후 건강미 ‘뿜뿜’ 배우 주원, 아몬드 브리즈, 새 얼굴로 발탁	스포츠서울
"
1945,김혜선,배우,51,2.0,"[Oh!쎈 레터] 김혜선, 건강미 개그우먼→독일 유학→독일인과 가을결혼	OSEN
‘건강미 개그우먼’ 김혜선, 안소미 부케 받고 품절녀 예약[종합]	OSEN
"
1220,예지,가수,20,2.0,"[포토] 예지, 건강미 넘치는 출근길	매일경제
래퍼 예지, `건강미 넘치는 S라인` [MBN포토]	MBN
"
1205,오승아,가수,32,2.0,"레인보우 오승아 `건강미 넘치네` [MBN포토]	MBN
레인보우 오승아 `춤 출때도 건강미 넘쳐~` [MBN포토]	MBN
"
1198,오윤아,모델,40,2.0,"오윤아, 건강미 넘치는 우월 미모	한국경제TV
[MD포토] 오윤아, '건강미 넘치는 입장'	마이데일리
"
1197,오인혜,배우,36,2.0,"오인혜, 건강미 넘치는 복근 공개	매일경제
오인혜, 눈 둘곳 없는 과감 포즈 '탄탄 복근 건강미'	마이데일리
"
212,크러쉬,가수,28,2.0,"소유, '가라고' 연습실 영상 공개…탄탄한 건강미·걸 크러쉬 매력 폭발	마켓뉴스
소유, 신곡 ‘가라고' 안무 영상서 ‘걸 크러쉬 매력’ 폭발..탄탄한 건강미	OSEN
"
957,이보영,배우,41,2.0,"고성희, 건강미 뽐낸 화보 ""평소 좋아하던 이보영 '마더'로 만나""	enews24
이보영, 다이어트 브랜드 CF 통해 건강미 과시	스포츠조선
"
366,지코,가수,28,2.0,"효린 지코 팔로알토, ‘효린 건강미 넘치는 갈색톤 뒤태…헉’	한국경제TV
효린 지코 팔로알토, ‘핫팬츠 입고 쩍벌…건강미 폭발’	한국경제TV
"
2339,권상우,배우,44,2.0,"손태영, 건강미 넘치는 뒤태…남편 권상우 반할 수 밖에 [똑똑SNS]	MK스포츠
권상우 손태영 부부 등산 데이트, “건강미 넘쳐…”	동아일보
"
152,한고은,배우,45,2.0,"한고은, 4년차 유부녀의 건강미 넘치는 일상 “요거트 한 잔”	뉴스엔
한고은, 연하 남편 반하게 할 수밖에 없는 건강미	브릿지경제
"
1137,유선,배우,44,2.0,"유선, 건강미 넘치는 각선미 [MK포토]	MK스포츠
[포토] 유선, '건강미 넘치는 그녀'(소비자의 날 시상식)	한국경제
"
2167,김성령,배우,53,2.0,"김성령, 건강미 넘치는 프리다이빙…""54세 몸매 맞아?""	머니투데이
김성령 “물구나무서기 너무 어려워~”…요가로 뽐낸 탄탄+늘씬 건강미	스포츠조선
"
1006,이기우,배우,38,2.0,"이기우, 푸름웰니스 전속 모델 계약 체결 ""건강미+신뢰도↑"" [공식입장]	MBC연예
[포토] 이기우, 건강미...물씬~!	스포츠서울
"
2016,김지원,배우,27,2.0,"김지원 `섹시한 건강미` [MBN포토]	MBN
김지원 `건강미 돋보이는 무보정 각선미` [MBN포토]	MBN
"
302,최규진,배우,24,2.0,"[스포츠경향 포토]‘머슬마니아’ 최규진, 탄탄한 건강미	스포츠경향
[포토] 맥스큐 커버걸 최규진, 건강미 넘치는 애플힙	RPM9
"
1820,류준열,배우,34,2.0,"류준열, 그을린 피부+탄탄한 몸매로 완성한 '건강미' [화보]	스포츠조선
[포토] `꽃청춘-아프리카` 류준열, 건강미 넘치는 피부톤	매일경제
"
1031,은정,가수,31,2.0,"[포토] 티아라 은정 '건강미 넘치게'	스포츠조선
티아라 은정 `건강미 넘치는 각선미` [MBN포토]	MBN
"
1032,은정,가수,31,2.0,"[포토] 티아라 은정 '건강미 넘치게'	스포츠조선
티아라 은정 `건강미 넘치는 각선미` [MBN포토]	MBN
"
338,차예련,배우,35,2.0,"[bnt포토] 차예련 '건강미 넘치는 각선미'	bnt뉴스
차예련, 건강미 넘치는 각선미	스포츠한국
"
1814,마동석,배우,49,2.0,"마동석 ‘건강미 넘치는 어깨’ [포토엔HD]	뉴스엔
마동석 ‘건강미 넘치는 손인사’(신과 함께-인과 연)[포토엔HD]	뉴스엔
"
2051,김정민,가수,52,2.0,"김정민, 아름다운 복근 드러내며 건강미 과시 [화보]	스포츠동아
김정민, 매끈한 복근과 각선미 ""건강미의 화신""	데일리안
"
1678,박은혜,배우,42,2.0,"[MD포토] 피트니스 모델 박은혜, '탄탄한 건강미'	마이데일리
[MD포토] 박은혜, '건강미 넘치는 몸매'	마이데일리
"
1724,박서준,배우,31,2.0,"박서준, 밥차 선물 앞 섹시 건강미 뿜뿜 ""많이 탔습니다""	헤럴드POP
'대세남' 박서준 질스튜어트 스포츠 티저 건강미 폭발	스포츠서울
"
1705,박수진,배우,34,2.0,"'♥배용준' 박수진, 건강미 가득 느껴지는 사진 눈길	뉴스컬처
박수진, 배용준과 결혼 앞둬… 요가로 얻은 건강미 주목	헬스조선
"
151,한그루,배우,28,2.0,"한그루 화보, 건강미 넘치는 관능미 ‘정말 예뻐’	MBN
‘연애 말고 결혼’ 한그루, 베이글 매력 절정 ‘건강미 빅매치’	스포츠동아
"
1404,송지효,배우,39,2.0,"[SW포토] 송지효, 섹시미+건강미 넘치네	스포츠월드
[포토] 송지효 '건강미 넘치는 각선미'	한국경제
"
2151,김소은,배우,31,2.0,"김소은, 건강미 넘치는 섹시 몸매	서울신문
김소은, 여성 건강 전문 브랜드 새 뮤즈 발탁	한국경제TV
"
597,전소민,배우,34,2.0,"[e포토] 카드 전소민, 넘치는 건강미	enews24
[포토] 카드 전소민, '섹시함에 건강미까지~'	스포츠조선
"
2424,강예원,배우,40,2.0,"강예원 `감출 수 없는 건강미` [MBN포토]	MBN
[화보] 강예원, 건강미 넘치는 S라인…‘섹시 서핑룩’ 완성	매일경제
"
38,홍지민,배우,47,2.0,"홍지민, `건강미 뽐내며` [MBN포토]	MBN
홍지민, 변함없는 건강미 ""나이는 숫자가 아니라 생각""	뉴스컬처
"
687,임지연,배우,30,2.0,"박형식 옆 임지연, `건강미 넘치는 각선미` [MBN포토]	MBN
임지연, 역대급 먹방으로 건강미 과시	동아일보
"
51,홍수아,배우,34,2.0,"홍수아, B컷 맞아? 세련미에 건강미까지 '쭉 뻗었네'	마이데일리
'택시' 홍수아, 고난도 필라테스도 척척…건강미 넘치는 '볼륨몸매'	스포츠조선
"
1459,소유진,배우,39,2.0,"'백종원♥' 소유진, 건강미 뿜뿜+군살 제로 '명품 각선미'	스포츠조선
소유진, 건강미 넘치는 일상...프로등산러 인증 ""#청계산""	뉴스컬처
"
1623,박효주,배우,38,2.0,"박효주, 유튜브 채널 개설...건강미 가득 `서핑편`으로 시작	매일경제
배우 박효주 유튜버 도전?…건강미 넘치는 매력 선보여	리서치페이퍼
"
1457,소지섭,배우,42,2.0,"[포토] 소지섭, 건강미 물씬~	스포츠서울
[포토] 소지섭, 건강미 과시하는...패션 센스!	스포츠서울
"
1819,류진,배우,47,2.0,"[포토] 류진 '촉촉한 건강미'	일간스포츠
[MD포토] 있지 류진, '넘치는 건강미'	마이데일리
"
1446,손예진,배우,38,2.0,"손예진, 건강미도 최고! [MK포토]	MK스포츠
손예진 근황…정글서 광고 촬영, 청순미 대신 건강미↑	엑스포츠뉴스
"
480,정하나,가수,30,2.0,"시크릿 정하나, `건강미 넘쳐` [MBN포토]	MBN
시크릿 정하나, 건강미 넘치는 근황 전해..""내가 봐도 내가 아냐""	이데일리
"
2179,김새롬,모델,33,2.0,"7kg 감량 김새롬, 남성지 화보서 건강미 발산	이데일리
김새롬, 비오템 화보로 건강미 뽐내	bnt뉴스
"
327,채린,가수,32,2.0,"[포토] '체리블렛' 채린, 넘치는 건강미	스포츠서울
체리블렛 채린, `매력적인 건강미` [스타포토]	디지털타임스
"
789,이주연,가수,33,2.0,"이주연, 언더웨어 화보 비하인드 컷…돋보이는 건강미 ‘눈길’	한국경제TV
이주연, 건강미 가득 언더웨어 화보 비하인드 컷	미디어펜
"
1554,변정수,모델,46,2.0,"47세 변정수, 중년 말벅지 건강미…딸과 환상 비키니로 시선 집중 [화보]	스포츠경향
변정수, 40대 맞아? 건강미 넘치는 몸매 [똑똑SNS]	MK스포츠
"
1394,수지,가수,26,2.0,"[포토] 수지 '변함 없는 건강미 과시'	스포츠조선
미쓰에이 수지, 래쉬가드에 핫팬츠…건강미 '물씬'	머니투데이
"
1733,박봄,가수,36,2.0,"‘대종상 축하공연’ 박봄, 건강미&리즈 시절로 관심 폭발	스포츠경향
박봄, 대종상서 건강미 넘치는 비주얼…수상자 제치고 시선 '싹쓸이'	스포티비뉴스
"
1764,바로,가수,28,2.0,"""이게 바로 명품 보디"" 페이, 건강미 넘치는 화보 공개	스포츠서울
[SK포토]씨스타 효린, ‘내가 바로 건강미의 여왕’	스포츠경향
"
2294,김경진,방송인,37,1.0,"김경진 '건강미 넘치는 구릿빛 피부'[포토]	엑스포츠뉴스
"
2217,김민정,배우,72,1.0,"[HI★포토] 김민정, ‘넘치는 건강미’	한국일보
"
2218,김민정,배우,38,1.0,"[HI★포토] 김민정, ‘넘치는 건강미’	한국일보
"
553,정려원,배우,39,1.0,"'필라테스' 정려원, 늘씬한 몸매 '눈길'…'건강미 뿜뿜'	조이뉴스24
"
522,정우성,배우,47,1.0,"정우성, 남성+건강미 넘치는 훈훈한 ‘대표님’	한국경제TV
"
517,정유미,배우,36,1.0,"[포토] 정유미, ‘아름다운 건강미’	파이낸셜뉴스
"
516,정유미,배우,37,1.0,"[포토] 정유미, ‘아름다운 건강미’	파이낸셜뉴스
"
433,조승희,배우,29,1.0,"조승희 '건강미 넘치는 등장'[엑's HD포토]	엑스포츠뉴스
"
2284,김규리,배우,41,1.0,"[MD포토] 김규리, '건강미 넘치는 미소'	마이데일리
"
2285,김규리,배우,41,1.0,"[MD포토] 김규리, '건강미 넘치는 미소'	마이데일리
"
340,차승원,배우,50,1.0,"차승원 홈쇼핑 출격→의리남 입증…건강미+유머러스로 완판 노린다	MBN
"
2175,김서형,배우,46,1.0,"'엄마가 뭐길래' 김서형, 건강미 넘치는 S라인 공개	스포츠월드
"
389,주지훈,배우,38,1.0,"주지훈, 건강미 돋보이는 구릿빛 피부	서울경제
"
2316,금조,가수,27,1.0,"[사진]나인뮤지스 금조,'섹시에 건강미까지'	OSEN
"
1775,민영원,배우,36,1.0,"임신소식 민영원, 넘치는 건강미…차세대 출산의 여왕?	MK스포츠
"
442,조병규,배우,24,1.0,"""거의 체벌"" 조병규, 열혈 운동 삼매경..♥김보라 반한 건강미	헤럴드POP
"
2227,김민경,개그우먼,39,1.0,"김민경 표지모델, ""도회적인 포즈로 건강미 발산""	폴리뉴스
"
487,정진운,가수,29,1.0,"정진운 생존신고…'정글2' 촬영으로 탄 피부, 건강미 UP	뉴스1
"
1813,마이크로닷,가수,26,1.0,"[포토] 마이크로닷, '건강미 넘치는 남자'	한국경제
"
321,채수빈,배우,26,1.0,"[포토엔HD] 채수빈 ‘건강미 넘치는 각선미 드러내고 종방연 나들이’	뉴스엔
"
1776,민아,가수,27,1.0,"[포토] 걸스데이 민아 '건강미 물씬 넘치는 꿀벅지'	스포츠조선
"
132,한소희,배우,25,1.0,"'부부의 세계' 한소희, 스포츠웨어 뮤즈 발탁…건강미 물씬	미디어펜
"
2380,고은아,배우,74,1.0,"고은아 근육…“건강미 물씬”	강원일보
"
2379,고은아,배우,31,1.0,"고은아 근육…“건강미 물씬”	강원일보
"
123,한지우,배우,33,1.0,"한지우, 건강미 돋보이는 민낯 셀카 공개	뉴스타운
"
121,한지혜,배우,36,1.0,"한지혜, 구릿빛 피부로 건강미 발산	e대한경제
"
2381,고은민,배우,31,1.0,"고은민, 건강미 넘치는 운동 근황...마스크 뚫는 '깜찍' 매력	뉴스컬처
"
118,한채영,배우,40,1.0,"화장대2 한채영, 실물 미모에 이특-리지 감탄 “건강미 넘치는 바비인형”	서울신문
"
2382,고원희,배우,26,1.0,"고원희, 건강미 넘치는 각선미 [MK포토]	MK스포츠
"
2383,고우리,가수,32,1.0,"고우리, 몸짱 대열 합류…복근으로 섹시 건강미 과시	헤럴드POP
"
103,허가윤,가수,30,1.0,"포미닛 허가윤 `건강미 넘치는 복근` [MBN포토]	MBN
"
2393,고민시,배우,25,1.0,"고민시, 건강미 넘치는 비주얼에 시선 고정...'미소는 덤'	뉴스컬처
"
2409,강한나,배우,31,1.0,"강한나 , 이름표 부착한모습 건강미가 , 캐미가	당진신문
"
2413,강지환,배우,43,1.0,"[포토엔]민소매 건강미 넘치는 강지환, 영화 기대되요~	뉴스엔
"
50,홍수현,배우,39,1.0,"홍수현, 건강미 담은 화보 공개…""겉모습 보단 내면""	머니투데이
"
2430,강승현,모델,33,1.0,"강승현, 건강미 넘치는 화보… 男心 올킬	스포츠동아
"
18,황신혜,배우,57,1.0,"황신혜, 황금비율에 더한 건강미 비결 “먹기 위해 운동” [SNS★컷]	뉴스엔
"
16,황우슬혜,배우,41,1.0,"황우슬혜, 건강미 돋보이는 초미니 [MK포토]	MK스포츠
"
10,황정음,배우,35,1.0,"[T포토] 황정음 '건강미 넘치는 구릿빛 피부'	TV리포트
"
2454,강다니엘,가수,23,1.0,"‘컴백’ 강다니엘, 美 LA서 건강미 넘치는 모습	뉴스엔
"
2456,강남,가수,33,1.0,"한소아, 강남 프로 복싱 대회 모델 선정…'건강미 넘쳐'	전자신문
"
135,한선화,가수,30,1.0,"한선화 “2020 봄 첫” 등산 중에도 예쁨 ‘건강미 스타’ [SNS★컷]	뉴스엔
"
146,한다감,배우,40,1.0,"[bnt포토] 한다감 '넘치는 건강미'	bnt뉴스
"
1791,문채원,배우,33,1.0,"[포토] 문채원, '건강미 넘치는 매력 눈길'	스포츠조선
"
312,천우희,배우,33,1.0,"[포토] 천우희, '건강미 넘치는 기립근'	한국경제
"
2342,권나라,배우,29,1.0,"권나라,내츄럴플러스전속 모델 발탁 ""건강미 폭발""	이투뉴스
"
2344,구혜선,배우,35,1.0,"구혜선 이혼 후 14kg 감량 소식 전해...건강미 과시	쿠키뉴스
"
305,최강희,배우,43,1.0,"최강희, 건강미 비결...“난 속상하면 운동한다""	매일경제
"
280,최성원,가수,66,1.0,"최성원, 건강미 넘치는 복근 화보… 네티즌 ""어서 빨리 회복을…""	시사위크
"
279,최성원,배우,35,1.0,"최성원, 건강미 넘치는 복근 화보… 네티즌 ""어서 빨리 회복을…""	시사위크
"
257,최은경,배우,47,1.0,"최은경, 조각 같은 명품 근육 美쳤다..감탄 나오는 건강미	헤럴드POP
"
2354,곽현화,개그우먼,39,1.0,"곽현화 ""무시 무시한 내 등근육"" 건강미 넘쳐	스타뉴스
"
221,추성훈,선수,45,1.0,"야노시호, 운동 중인 추성훈 모습 공개..건강미 넘치는 부부[★SHOT!]	OSEN
"
1801,문별,가수,27,1.0,"마마무 문별 `건강미 넘치는 각선미` [MBN포토]	MBN
"
214,큐리,가수,33,1.0,"""건강미 뿜뿜""…티아라 큐리, 시선강탈 핑크빛 비키니	스포츠조선
"
2356,곽지민,배우,35,1.0,"‘10월 결혼’ 곽지민 “이상형? 건강미 넘치는 스타일” 발언 재조명	서울신문
"
2364,공현주,배우,36,1.0,"공현주, 건강미 뿜뿜 무결점 수영복 자태[SNS★컷]	뉴스엔
"
200,태연,가수,31,1.0,"출발드림팀 심으뜸, 태연 닮은꼴+건강미 넘치는 힙라인...비결은 '스쿼트 100...	전자신문
"
196,태진아,가수,67,1.0,"태진아, 평창 동계올림픽 성화봉 인증사진 공개 '건강미 물씬'	한국일보
"
191,티파니,가수,31,1.0,"티파니 복근 공개, 건강미 넘치는 탄탄한 몸매	매일경제
"
183,표예진,배우,28,1.0,"'미워도 사랑해' 표예진, 건강미 물씬[SS포토]	스포츠서울
"
167,하연주,배우,33,1.0,"하연주, 건강미 넘치는 비키니 몸매 인증..한 폭의 그림같아	헤럴드POP
"
568,정겨운,배우,38,1.0,"(머슬마니아세계대회) 정겨운 '건강미 넘치는 꿀벅지'[포토]	엑스포츠뉴스
"
754,이태란,배우,45,1.0,"[MD포토] 이태란 '건강미 넘치는 각선미'	마이데일리
"
2152,김소연,배우,39,1.0,"[포토] 치어리더 김소연, 건강미 물씬	스포츠서울
"
1893,남승민,가수,18,1.0,"‘아내의맛’ 영탁, 남승민 옥탑방 방문…30대 후반의 건강미 과시	뉴스엔
"
1382,시우민,가수,30,1.0,"[포토] 시우민 '건강미 넘치는 미소'	스포츠조선
"
1902,남규리,가수,35,1.0,"남규리 수영복 화보, 청순 글래머 건강미 과시 '고혹'	한국경제TV
"
1635,박해진,배우,37,1.0,"‘맨투맨’ 박해진, 훈훈건강미 발산...‘같이 운동하고 싶은 남자’	서울경제
"
1337,신현빈,배우,34,1.0,"신현빈, 건강미X고혹미 다 가진 매력부자 '심쿵주의보' [화보]	TV리포트
"
1327,심은경,배우,26,1.0,"[포토] '걷기왕' 심은경, 경보로 다져진 건강미!	스포츠조선
"
1320,심형탁,배우,42,1.0,"심형탁, 건강미 넘치는 속옷 화보…탄탄한 복근 '눈길'	머니투데이
"
1313,아이린,가수,29,1.0,"레드벨벳 아이린, 건강미 넘치는 S라인 [MK포토]	MK스포츠
"
1258,엄상미,모델,28,1.0,"엄상미, 건강미 넘치는 구릿빛 피부 눈길	뉴스컬처
"
1931,김효진,배우,36,1.0,"김효진, 건강미 넘치는 시크한 유럽 엄마로 변신···광고촬영 현장 공개	서울경제
"
1941,김혜윤,배우,23,1.0,"김혜윤, 건강미 넘치는 각선미 [청룡영화제]	MK스포츠
"
1240,엠버,가수,28,1.0,"에프엑스 엠버, 건강미 넘치는 근황 ‘보일 듯 말 듯한 복근’	뉴스엔
"
1224,영탁,가수,37,1.0,"‘아내의맛’ 영탁, 남승민 옥탑방 방문…30대 후반의 건강미 과시	뉴스엔
"
1223,예리,가수,21,1.0,"예리 ""필라테스 신이 될 거야"" 건강미 뿜뿜	스타뉴스
"
1214,오나미,개그우먼,36,1.0,"오나미, 마른 비만→건강미 넘치는 복근 생성…바디프로필 공개	톱스타뉴스
"
1202,오연서,배우,33,1.0,"오연서, 수영복 화보 속 건강미 발산…잘록한 허리 '시선 강탈'	머니투데이
"
1955,김현중,가수,34,1.0,"김현중 흑백 화보, 건강미 넘치는 복근 '감탄'	머니투데이
"
1174,왕빛나,배우,39,1.0,"[T포토] 왕빛나 '건강미 넘치는 각선미'	TV리포트
"
1896,남상미,배우,36,1.0,"남상미 `건강미 넘치는 발걸음` [MBN포토]	MBN
"
1890,남지현,배우,25,1.0,"남지현, 건강미 넘치는 미소와 각선미 [MK포토]	MK스포츠
"
1971,김하늘,배우,42,1.0,"[사진]섹시백 대상 김하늘,'섹시와 건강미가 넘치는 뒤태'	OSEN
"
1397,송혜교,배우,38,1.0,"숀리 해명 ""조여정, 송혜교 통통 아니라 건강미다""	머니투데이
"
1551,보나,가수,25,1.0,"[포토] 우주소녀 보나 '건강미 넘치는 각선미'	세계일보
"
1832,로제,가수,23,1.0,"[사진]블랙핑크 로제,'돋보이는 건강미'	OSEN
"
1510,서은수,배우,26,1.0,"[포토] 서은수, 건강미 넘치는 미모!	스포츠조선
"
1821,류시원,가수,48,1.0,"류시원, 재혼 후 근황…49세 나이 믿기지 않는 동안+건강미	한국경제
"
1838,렉시,가수,43,1.0,"렉시 톰슨 '건강미 넘치는 각선미'[포토]	엑스포츠뉴스
"
1847,라미란,배우,45,1.0,"[포토] 라미란 '건강미 돋보이는 워킹'	파이낸셜뉴스
"
1854,도희,가수,26,1.0,"도희, 필라테스로 가꾼 건강미 넘치는 보디라인 [화보]	엑스포츠뉴스
"
1857,도끼,가수,30,1.0,"도끼 혼혈, 니콜 셰르징거가 사촌?…건강미 넘치는 볼륨	MBN
"
1472,성유리,배우,39,1.0,"성유리 모닝 요가, 얼굴에 몸매까지 완벽 그 자체! 건강미 제대로 뽐내	서울경제
"
1614,방미,가수,60,1.0,"가수 방미, 나이 잊은 동안 외모와 건강미 '관심 집중'	뉴스렙
"
1463,션,가수,48,1.0,"션, 건강미 넘치는 구릿빛 팔근육	스포츠한국
"
1866,대성,가수,31,1.0,"[TEN PHOTO]빅뱅 대성 '건강미 넘치는 피부'	텐아시아
"
1870,다나,가수,34,1.0,"27kg 감량 다나, 어떻게 지내고 있나 들여다보니...건강미 넘치는 모습 '술렁...	경상일보
"
1630,박형식,가수,28,1.0,"박형식 옆 임지연, `건강미 넘치는 각선미` [MBN포토]	MBN
"
1432,솔지,가수,31,1.0,"EXID 솔지, 건강미 넘치는 손인사 [MK포토]	MK스포츠
"
1405,송지은,가수,30,1.0,"[포토] 송지은, 건강미 넘치는 미모!	스포츠조선
"
1398,송해나,모델,33,1.0,"[포토] 송해나, '건강미 넘치는 그녀'(2019 MGMA)	한국경제
"
1156,원빈,배우,42,1.0,"[몸짱스타그램] 원빈 조카 ‘꼭지’의 변신…김희정의 남다른 건강미	스포츠경향
"
2008,김지훈,배우,41,1.0,"김지훈, 탄성 자아내는 핫바디…건강미 넘치는 비하인드 컷	엑스포츠뉴스
"
2009,김지훈,배우,39,1.0,"김지훈, 탄성 자아내는 핫바디…건강미 넘치는 비하인드 컷	엑스포츠뉴스
"
2010,김지훈,가수,47,1.0,"김지훈, 탄성 자아내는 핫바디…건강미 넘치는 비하인드 컷	엑스포츠뉴스
"
2142,김수현,배우,32,1.0,"닮고 싶은 건강미 넘치는 몸매의 남자 스타 1위 김수현, 2위 박서준… 그 밖의...	디지틀조선일보
"
932,이선빈,배우,26,1.0,"이선빈, 축구팬 홀린 건강미 ‘시축도 힘차게’[포토엔]	뉴스엔
"
898,이수지,개그우먼,35,1.0,"[스포츠경향 포토]‘2017 머슬마니아’ 이수지, 백조의 건강미	스포츠경향
"
2057,김재중,가수,34,1.0,"김재중 헐크 근육, 건강미와 야성미 불끈 '운동돌' 등극	경인일보
"
2079,김은영,배우,34,1.0,"[스포츠경향 포토]‘머슬마니아’ 김은영, 슬림 탄탄한 건강미	스포츠경향
"
841,이윤지,배우,36,1.0,"[포토S] 이윤지 SPOFIT 심사위원, 건강미 넘치는 구릿빛 피부	스포티비뉴스
"
821,이재윤,배우,35,1.0,"이재윤, `넘치는 건강미~` [MBN포토]	MBN
"
787,이주우,배우,30,1.0,"[포토] 이주우 '복근 드러내며 건강미 자랑'	스포츠조선
"
1743,박명수,방송인,50,1.0,"'라디오쇼' 박명수 ""박세리, 밝고 건강미 넘쳐..배울 점이 많다""(종합)	헤럴드POP
"
751,이특,가수,37,1.0,"이특 등근육 공개, 건강미 넘치는 반전몸매 ""아이돌이 아니라 모델이네~""	경인일보
"
2091,김원효,개그맨,39,1.0,"[포토] 김원효, 건강미 물씬?	스포츠서울
"
2097,김용준,가수,36,1.0,"김용준, 건강미 넘치는 근황 모습 화제...‘몸짱’ 변신 대성공	전자신문
"
2099,김용림,배우,80,1.0,"""하이힐도 OK""… 김용림, 나이 80세에도 넘치는 건강미	이데일리
"
716,인순이,가수,63,1.0,"인순이, 나이잊은 건강미에 '관객 열광'..보디빌더대회 출전	스타뉴스
"
708,임수정,배우,41,1.0,"'당신의 부탁' 임수정, 건강미 넘치는 식단 공개…""건강한 식사 하세요""	조세일보
"
707,임수정,가수,57,1.0,"'당신의 부탁' 임수정, 건강미 넘치는 식단 공개…""건강한 식사 하세요""	조세일보
"
686,임창정,가수,46,1.0,"임창정, 건강미 넘치는 미모의 여성 누구? ""제주도 골프 여행 간 건 맞다""	한국경제TV
"
637,장아영,배우,31,1.0,"[스경포토] [머슬마니아] 장아영, 늘씬한 건강미	스포츠경향
"
634,장우혁,가수,42,1.0,"장우혁 헬스 인증샷, 탄탄한 근육 드러내며 건강미 과시	매일경제
"
1699,박시현,가수,33,1.0,"[SK포토]‘로드FC’ 로드걸 박시현, 건강미의 정석	스포츠경향
"
1803,문근영,배우,33,1.0,"문근영 근황, 건강미 뽐내며 팬클럽 3주년 `자축`	매일경제
"
968,이민지,배우,31,1.0,"[포토]호주교포 이민지 '건강미 뽐내는 미모'	스포츠서울
"
1130,유아인,배우,34,1.0,"[MD포토] 유아인 '건강미 넘치는 구릿빛 피부'	마이데일리
"
2013,김지혜,개그우먼,41,1.0,"김지혜, 유연성 뽐내는 요가 인증샷 공개…건강미 뿜뿜 [★해시태그]	엑스포츠뉴스
"
2026,김준현,개그맨,39,1.0,"[포토엔HD] 김준현 ‘건강미의 대명사’(바람 바람 바람)	뉴스엔
"
1115,유진,배우,39,1.0,"[경인포토]브레이브걸스 유진, 건강미 넘치는 보디라인	경인일보
"
1112,유하나,배우,34,1.0,"'♥이용규' 유하나, 건강미 가득 느껴지는 탄탄한 몸매 화제	뉴스컬처
"
1111,유하영,배우,46,1.0,"8등신 치어리더 유하영, 건강미 넘치는 SNS 사진	스포츠경향
"
1101,윤계상,배우,41,1.0,"윤계상, 화보서 독보적 매력 과시…건강미 '물씬'	머니투데이
"
1078,윤세아,배우,42,1.0,"윤세아, 자기관리 끝판왕..필라테스로 뽐낸 탄탄 건강미	헤럴드POP
"
1076,윤소이,배우,35,1.0,"윤소이, 화보 통해 건강미 발산…매끈한 각선미 '눈길'	머니투데이
"
1068,윤아,가수,30,1.0,"윤아 11자 복근, 섹시미에 건강미까지 '완벽녀'	경기일보
"
1052,윤지성,가수,29,1.0,"'그날들' 윤지성, 첫 뮤지컬·첫 노출? ""건강미 위해 PT 받는다""	한국경제
"
1045,윤채경,가수,24,1.0,"[포토] 윤채경 '건강미가 철철'	일간스포츠
"
1029,은지원,가수,42,1.0,"‘플랜맨’ 은지원, 박나래 건강미에 “브록레스너 같다”	MBN
"
997,이다희,배우,35,1.0,"이다희, 감탄 나오는 유연성..플라잉 요가로 뽐낸 군살제로 건강미	헤럴드POP
"
988,이동욱,배우,38,1.0,"이동욱, 2013 S/S 화보에서 건강미 발산	한국경제TV
"
970,이민우,가수,41,1.0,"[오마이포토] '신화' 이민우, 건강미 넘치는 하트	오마이뉴스
"
2054,김정난,배우,49,1.0,"김정난, 49세 믿기지 않는 건강미..윤세아도 감탄한 플라잉요가[★SHOT!]	OSEN
"
