insta_id,hashtag
1999_deuk,좋아요반사
1999_deuk,증평
1999_deuk,좋아요
1999_deuk,언더아머
1999_deuk,직업군인
1999_deuk,선팔
1999_deuk,맞팔
1999_deuk,아이폰
1999_deuk,화난다
1999_deuk,첫줄👋
1999_deuk,선팔하면맞팔
1999_deuk,퇴근전
1999_deuk,스트레스폭발
1999_deuk,충북
1999_deuk,군인
1999_deuk,군스타그램
sophiaseo,세븐데이즈
sgil_2,츄리닝
sgil_2,밤마실
sgil_2,오징어숙회
sgil_2,쪼리
sgil_2,개판오분전
Null,산
Null,k2클린백
Null,블랙야크알파인클럽
Null,영남알프스
Null,산스타그램
Null,클린백
Null,블랙야크100대명산
Null,savethenature
Null,lnt
Null,k2
Null,등산스타그램
Null,클린백챌린지
xxanghoyee_,sdp__3
lanrete__,underarmourkr
lanrete__,런스타그램
lanrete__,스트릭
lanrete__,스탬프러닝챌린지
lanrete__,redbool
lanrete__,mapmyrun
lanrete__,레드불
lanrete__,청계천
lanrete__,광화문
lanrete__,링거워터
lanrete__,링티플러스
lanrete__,경복궁
lanrete__,mmr
lanrete__,언더아머
lanrete__,세운상가
lanrete__,맵마이런
lanrete__,운동하는여자
lanrete__,호버팬텀2
lanrete__,운동스타그램
lanrete__,서울스탬프러닝챌린지
underarmour_hdjd,이벤트
underarmour_hdjd,운동하는남자
underarmour_hdjd,유플렉스
underarmour_hdjd,헬스타그램
underarmour_hdjd,중동점
underarmour_hdjd,행사
underarmour_hdjd,2020
underarmour_hdjd,좋아요반사
underarmour_hdjd,running
underarmour_hdjd,현대백화점중동점
underarmour_hdjd,언더아머
underarmour_hdjd,중동
underarmour_hdjd,선팔하면맞팔
underarmour_hdjd,underarmour
underarmour_hdjd,uplex
underarmour_hdjd,사은
underarmour_hdjd,아우터
underarmour_hdjd,wewill
underarmour_hdjd,운동하는여자
underarmour_hdjd,매장
underarmour_hdjd,헬스
underarmour_hdjd,ua
underarmour_hdjd,부천
underarmour_hdjd,운동
underarmour_hdjd,underarmourkr
underarmour_hdjd,운동스타그램
underarmour_hdjd,현대백화점
underarmour_hdjd,인친
dallagym_bffit92,좋아요
dallagym_bffit92,fitness
dallagym_bffit92,데일리
dallagym_bffit92,운동하는남자
dallagym_bffit92,selca
dallagym_bffit92,스쿼트
dallagym_bffit92,gymlife
dallagym_bffit92,good
dallagym_bffit92,다이어트
dallagym_bffit92,셀피
dallagym_bffit92,보디빌딩
dallagym_bffit92,일상
dallagym_bffit92,하체
dallagym_bffit92,미스터코리아
dallagym_bffit92,health
dallagym_bffit92,팔로우
dallagym_bffit92,식단
dallagym_bffit92,피트니스대회
dallagym_bffit92,selfie
dallagym_bffit92,언더아머
dallagym_bffit92,셀카
dallagym_bffit92,bodybuilding
dallagym_bffit92,피트니스
dallagym_bffit92,gym
dallagym_bffit92,헬스
dallagym_bffit92,daily
rogun_sports,rogunsports
rogun_sports,야드터프화
rogun_sports,야드인조잔디화
rogun_sports,일본언더아머
rogun_sports,고교야구
rogun_sports,로건스포츠검색
rogun_sports,오더글러브
rogun_sports,野球用品
rogun_sports,로건스포츠
rogun_sports,야구스파이크
rogun_sports,로건스포츠에서주문가능합니다👍
rogun_sports,야구용품
rogun_sports,일본언더아머한정품야드트레이닝화
rogun_sports,로건스포츠에입고완료🤗
rogun_sports,사회인야구
rogun_sports,スパイクシューズ
rogun_sports,언더아머20년aw전시회한정품야드인조잔디화
rogun_sports,uabaseballlimitedediton
rogun_sports,프로야구
rogun_sports,일본언더아머한정품야드터프화
rogun_sports,グローブ
rogun_sports,20년aw전시회한정품
rogun_sports,www
rogun_sports,다음카페검색창에
rogun_sports,uabaseball
rogun_sports,야구스타그램
rogun_sports,언더아머
rogun_sports,오더스파이크
rogun_sports,야구_골프_평상시에모두신으실수있습니다
eyesmag,언더아머다운자켓
eyesmag,언더아머스포츠다운
eyesmag,eyesmag
eyesmag,언더아머패딩
eyesmag,언더아머
eyesmag,광고
eyesmag,오직돌파
eyesmag,underarmourkr
o_0_travel,러닝스타그램
o_0_travel,runner
o_0_travel,러닝크루
o_0_travel,노들섬
o_0_travel,언더아머
o_0_travel,ランニング
o_0_travel,instarunners
o_0_travel,running
o_0_travel,ランナー
o_0_travel,runstagram
o_0_travel,러닝의즐거움으로오직돌파
o_0_travel,달리기
o_0_travel,선한영향력
o_0_travel,오직나만의러닝에피소드
o_0_travel,운동하는남자
o_0_travel,긱스러닝크루
o_0_travel,mapmyrun
o_0_travel,runners
o_0_travel,한강대교
o_0_travel,런스타그램
o_0_travel,跑步
o_0_travel,underarmourkr
o_0_travel,instarunner
o_0_travel,호버팬텀2
o_0_travel,맵마이런
o_0_travel,geeks_rc
o_0_travel,운동하는여자
sugjeongo on Instagr,러닝
sugjeongo on Instagr,runnersworld
sugjeongo on Instagr,오직나만의러닝에피소드
sugjeongo on Instagr,전세계넘버원러닝매거진
sugjeongo on Instagr,언더아머
sugjeongo on Instagr,맵마이런
sugjeongo on Instagr,호버팬텀2
sugjeongo on Instagr,달리기
sugjeongo on Instagr,runnersworldkr
sugjeongo on Instagr,run
sugjeongo on Instagr,underarmourkr
sugjeongo on Instagr,러닝의즐거움으로오직돌파
sugjeongo on Instagr,러너스월드
sugjeongo on Instagr,mapmyrun
sugjeongo on Instagr,running
Null,헬린이
Null,레그프레스
Null,정성pt운동센터
Null,푸쉬업
Null,푸시업
Null,시나브로바벨
Null,나이키
Null,rep
Null,overheadpress
Null,데드리프트
Null,legpress
Null,아디다스
Null,pushup
Null,rogue
Null,ohp
Null,헬스타그램
Null,데드리프트newpr이후
Null,화명동pt
Null,언더아머
Null,도미닉팜
Null,운동하는여자
Null,매니저
Null,오버헤드프게스
Null,화명동헬스
Null,legcurl
Null,헬스
Null,화명동피티
Null,deadlift
Null,레그컬
underarmour_g_gwangg,언더아머마스크
underarmour_g_gwangg,instadaily
underarmour_g_gwangg,운동하는여자
underarmour_g_gwangg,운동하는남자
underarmour_g_gwangg,instagram
underarmour_g_gwangg,갤러리아광교
underarmour_g_gwangg,likesforlike
underarmour_g_gwangg,좋아요반사
underarmour_g_gwangg,데일리
underarmour_g_gwangg,suwon
underarmour_g_gwangg,daily
underarmour_g_gwangg,헬스타그램
underarmour_g_gwangg,instalike
underarmour_g_gwangg,underarmour
underarmour_g_gwangg,instagood
underarmour_g_gwangg,언더아머
underarmour_g_gwangg,일상
underarmour_g_gwangg,수원
underarmour_g_gwangg,1355852
underarmour_g_gwangg,다운베스트
underarmour_g_gwangg,운동스타그램
street8oy,농구
street8oy,underarmour
street8oy,신발스타그램
street8oy,농구스타그램
street8oy,스트릿보이
street8oy,슈스타그램
street8oy,농스타그램
street8oy,kicks
street8oy,엠비드1
street8oy,street8oy
street8oy,sneakerhead
street8oy,언더아머
street8oy,basketballshoe
street8oy,streetboykr
street8oy,운동화
street8oy,sneakernews
street8oy,신발
street8oy,kickstagram
street8oy,embiid1
street8oy,농구화
street8oy,basketball
underarmour_enter6.a,repost
underarmour_enter6.a,underarmourkr
underarmour_enter6.a,projectrock
underarmour_enter6.a,언더아머
underarmour_enter6.a,트레이너
underarmour_enter6.a,골스타그램
underarmour_enter6.a,언더아머
underarmour_enter6.a,다이어트
underarmour_enter6.a,운동하는직장인
underarmour_enter6.a,운스타그램
underarmour_enter6.a,안양
underarmour_enter6.a,안양헬스
underarmour_enter6.a,골프
underarmour_enter6.a,언더아머트랙
underarmour_enter6.a,트랙
underarmour_enter6.a,좋반
underarmour_enter6.a,underarmour
underarmour_enter6.a,안양필라테스
underarmour_enter6.a,필라테스
underarmour_enter6.a,underarmourkr
underarmour_enter6.a,운동하는남자
underarmour_enter6.a,운동하는여자
underarmour_enter6.a,운동하는
underarmour_enter6.a,언더아머안양점
underarmour_enter6.a,안양언더아머
underarmour_enter6.a,운동복
underarmour_enter6.a,웨이트
underarmour_enter6.a,헬스
underarmour_enter6.a,스포츠트랙
hyeok_but_colleague,사격
hyeok_but_colleague,사격선수
hyeok_but_colleague,단체복
hyeok_but_colleague,운동선수
hyeok_but_colleague,대신중
hyeok_but_colleague,언더아머
hyeok_but_colleague,대신고
underarmour_shinsega,running
underarmour_shinsega,theonlywayisthrough
underarmour_shinsega,헬스
underarmour_shinsega,후리스
underarmour_shinsega,언더아머
underarmour_shinsega,플리스
underarmour_shinsega,uafleece
underarmour_shinsega,uasherpa
underarmour_shinsega,트레이닝
underarmour_shinsega,sherpa
underarmour_shinsega,바람막이
underarmour_shinsega,basketball
underarmour_shinsega,언더아머호버
underarmour_shinsega,후드
underarmour_shinsega,fitness
underarmour_shinsega,셰르파
underarmour_shinsega,런닝
underarmour_shinsega,hoodie
underarmour_shinsega,gym
underarmour_shinsega,underarmourkr
underarmour_shinsega,농구
underarmour_shinsega,피트니스
underarmour_shinsega,언더아머신세계대구점
underarmour_shinsega,training
underarmour_shinsega,신세계대구점
underarmour_shinsega,런닝화
underarmour_shinsega,golf
underarmour_shinsega,underarmour
underarmour_shinsega,축구
lanrete__,도봉
lanrete__,레드불
lanrete__,mmr
lanrete__,링거워터
lanrete__,맵마이런
lanrete__,운동하는여자
lanrete__,강북
lanrete__,운동스타그램
lanrete__,링티플러스
lanrete__,호버팬텀2
lanrete__,스탬프러닝챌린지
lanrete__,런스타그램
lanrete__,스트릭
lanrete__,redbool
lanrete__,노원
lanrete__,언더아머
lanrete__,underarmourkr
lanrete__,서울스탬프러닝챌린지
lanrete__,mapmyrun
lanrete__,북서울꿈의숲
hidori85,불당동카페
hidori85,캡
hidori85,언더아머
hidori85,테닐윈드
hidori85,kiriun
hidori85,비니
hidori85,천안
hidori85,안경
hidori85,후드트레이닝
hidori85,두정동카페
hidori85,코트
hidori85,야상
hidori85,m65
hidori85,나이키
Null,맞팔
Null,헬스타그램
Null,트레이너
Null,selfie
Null,daily
Null,언더아머
Null,workout
Null,운동하는남자
Null,운동
Null,데일리
Null,몸스타그램
Null,오오티디
Null,일상
Null,셀스타그램
Null,소통
Null,패션
Null,fashion
Null,ootd
Null,바디
Null,농구
Null,웨이트트레이닝
Null,운동하는여자
Null,셀피
Null,좋아요
Null,내추럴
Null,힙합
Null,헬스
Null,dm
jenny_is_jenny__,마스크스트랩
jenny_is_jenny__,국내여행
jenny_is_jenny__,명품가방
jenny_is_jenny__,문덕
jenny_is_jenny__,운전하는여자
jenny_is_jenny__,캐릭터네일
jenny_is_jenny__,좋아요반사
jenny_is_jenny__,운동하는여자
jenny_is_jenny__,젤네일
jenny_is_jenny__,문구덕후
jenny_is_jenny__,자체제작
jenny_is_jenny__,칼맞팔
jenny_is_jenny__,캐릭터디자인
jenny_is_jenny__,좋반
jenny_is_jenny__,강아지스타그램
jenny_is_jenny__,아이폰케이스
jenny_is_jenny__,이벤트
jenny_is_jenny__,폰케이스
jenny_is_jenny__,강아지
jenny_is_jenny__,칼좋반
jenny_is_jenny__,명품시계
jenny_is_jenny__,키링
jenny_is_jenny__,폰꾸미기
jenny_is_jenny__,갤럭시케이스
jenny_is_jenny__,폰꾸
jenny_is_jenny__,언더아머
jenny_is_jenny__,문구점
jenny_is_jenny__,나이키
jenny_is_jenny__,폰스트랩
jenny_is_jenny__,마스크목걸이
1999_deuk,언더아머
1999_deuk,충북
1999_deuk,군스타그램
1999_deuk,증평
1999_deuk,직업군인
1999_deuk,좋아요반사
1999_deuk,선팔
1999_deuk,스트레스폭발
1999_deuk,아이폰
1999_deuk,첫줄👋
1999_deuk,선팔하면맞팔
1999_deuk,맞팔
1999_deuk,퇴근전
1999_deuk,좋아요
1999_deuk,군인
1999_deuk,화난다
sophiaseo,세븐데이즈
sgil_2,쪼리
sgil_2,오징어숙회
sgil_2,밤마실
sgil_2,츄리닝
sgil_2,개판오분전
Null,클린백챌린지
Null,등산스타그램
Null,k2
Null,savethenature
Null,블랙야크100대명산
Null,영남알프스
Null,산
Null,산스타그램
Null,k2클린백
Null,lnt
Null,클린백
Null,블랙야크알파인클럽
xxanghoyee_,sdp__3
lanrete__,경복궁
lanrete__,광화문
lanrete__,링거워터
lanrete__,링티플러스
lanrete__,언더아머
lanrete__,레드불
lanrete__,청계천
lanrete__,mmr
lanrete__,런스타그램
lanrete__,underarmourkr
lanrete__,mapmyrun
lanrete__,redbool
lanrete__,세운상가
lanrete__,운동하는여자
lanrete__,서울스탬프러닝챌린지
lanrete__,맵마이런
lanrete__,스탬프러닝챌린지
lanrete__,스트릭
lanrete__,호버팬텀2
lanrete__,운동스타그램
underarmour_hdjd,언더아머
underarmour_hdjd,선팔하면맞팔
underarmour_hdjd,underarmourkr
underarmour_hdjd,헬스타그램
underarmour_hdjd,underarmour
underarmour_hdjd,매장
underarmour_hdjd,아우터
underarmour_hdjd,운동하는남자
underarmour_hdjd,헬스
underarmour_hdjd,이벤트
underarmour_hdjd,행사
underarmour_hdjd,좋아요반사
underarmour_hdjd,인친
underarmour_hdjd,운동스타그램
underarmour_hdjd,유플렉스
underarmour_hdjd,중동
underarmour_hdjd,운동
underarmour_hdjd,중동점
underarmour_hdjd,현대백화점
underarmour_hdjd,2020
underarmour_hdjd,running
underarmour_hdjd,uplex
underarmour_hdjd,운동하는여자
underarmour_hdjd,사은
underarmour_hdjd,ua
underarmour_hdjd,부천
underarmour_hdjd,현대백화점중동점
underarmour_hdjd,wewill
dallagym_bffit92,gymlife
dallagym_bffit92,팔로우
dallagym_bffit92,fitness
dallagym_bffit92,피트니스
dallagym_bffit92,good
dallagym_bffit92,selfie
dallagym_bffit92,셀카
dallagym_bffit92,selca
dallagym_bffit92,피트니스대회
dallagym_bffit92,일상
dallagym_bffit92,헬스
dallagym_bffit92,daily
dallagym_bffit92,하체
dallagym_bffit92,다이어트
dallagym_bffit92,gym
dallagym_bffit92,미스터코리아
dallagym_bffit92,보디빌딩
dallagym_bffit92,셀피
dallagym_bffit92,bodybuilding
dallagym_bffit92,언더아머
dallagym_bffit92,운동하는남자
dallagym_bffit92,스쿼트
dallagym_bffit92,데일리
dallagym_bffit92,health
dallagym_bffit92,좋아요
dallagym_bffit92,식단
rogun_sports,오더글러브
rogun_sports,スパイクシューズ
rogun_sports,로건스포츠에서주문가능합니다👍
rogun_sports,언더아머20년aw전시회한정품야드인조잔디화
rogun_sports,www
rogun_sports,고교야구
rogun_sports,야드인조잔디화
rogun_sports,다음카페검색창에
rogun_sports,야드터프화
rogun_sports,グローブ
rogun_sports,uabaseballlimitedediton
rogun_sports,프로야구
rogun_sports,사회인야구
rogun_sports,야구스타그램
rogun_sports,일본언더아머한정품야드트레이닝화
rogun_sports,야구용품
rogun_sports,로건스포츠
rogun_sports,야구스파이크
rogun_sports,로건스포츠에입고완료🤗
rogun_sports,야구_골프_평상시에모두신으실수있습니다
rogun_sports,로건스포츠검색
rogun_sports,20년aw전시회한정품
rogun_sports,일본언더아머
rogun_sports,언더아머
rogun_sports,野球用品
rogun_sports,오더스파이크
rogun_sports,rogunsports
rogun_sports,uabaseball
rogun_sports,일본언더아머한정품야드터프화
eyesmag,underarmourkr
eyesmag,언더아머스포츠다운
eyesmag,eyesmag
eyesmag,언더아머패딩
eyesmag,광고
eyesmag,언더아머
eyesmag,언더아머다운자켓
eyesmag,오직돌파
o_0_travel,geeks_rc
o_0_travel,맵마이런
o_0_travel,선한영향력
o_0_travel,ランナー
o_0_travel,달리기
o_0_travel,긱스러닝크루
o_0_travel,런스타그램
o_0_travel,언더아머
o_0_travel,운동하는남자
o_0_travel,instarunners
o_0_travel,호버팬텀2
o_0_travel,instarunner
o_0_travel,runstagram
o_0_travel,underarmourkr
o_0_travel,runner
o_0_travel,러닝스타그램
o_0_travel,오직나만의러닝에피소드
o_0_travel,runners
o_0_travel,跑步
o_0_travel,mapmyrun
o_0_travel,한강대교
o_0_travel,ランニング
o_0_travel,노들섬
o_0_travel,running
o_0_travel,러닝의즐거움으로오직돌파
o_0_travel,러닝크루
o_0_travel,운동하는여자
sugjeongo on Instagr,runnersworldkr
sugjeongo on Instagr,running
sugjeongo on Instagr,러닝의즐거움으로오직돌파
sugjeongo on Instagr,mapmyrun
sugjeongo on Instagr,러닝
sugjeongo on Instagr,러너스월드
sugjeongo on Instagr,전세계넘버원러닝매거진
sugjeongo on Instagr,오직나만의러닝에피소드
sugjeongo on Instagr,runnersworld
sugjeongo on Instagr,run
sugjeongo on Instagr,호버팬텀2
sugjeongo on Instagr,맵마이런
sugjeongo on Instagr,달리기
sugjeongo on Instagr,언더아머
sugjeongo on Instagr,underarmourkr
Null,데드리프트
Null,rep
Null,화명동피티
Null,운동하는여자
Null,레그컬
Null,나이키
Null,ohp
Null,legcurl
Null,언더아머
Null,데드리프트newpr이후
Null,헬스타그램
Null,헬스
Null,pushup
Null,overheadpress
Null,푸쉬업
Null,시나브로바벨
Null,rogue
Null,legpress
Null,아디다스
Null,deadlift
Null,레그프레스
Null,화명동pt
Null,화명동헬스
Null,푸시업
Null,정성pt운동센터
Null,헬린이
Null,도미닉팜
Null,오버헤드프게스
Null,매니저
underarmour_g_gwangg,데일리
underarmour_g_gwangg,언더아머
underarmour_g_gwangg,운동스타그램
underarmour_g_gwangg,1355852
underarmour_g_gwangg,instagood
underarmour_g_gwangg,instadaily
underarmour_g_gwangg,운동하는남자
underarmour_g_gwangg,언더아머마스크
underarmour_g_gwangg,갤러리아광교
underarmour_g_gwangg,instalike
underarmour_g_gwangg,좋아요반사
underarmour_g_gwangg,운동하는여자
underarmour_g_gwangg,underarmour
underarmour_g_gwangg,헬스타그램
underarmour_g_gwangg,daily
underarmour_g_gwangg,다운베스트
underarmour_g_gwangg,likesforlike
underarmour_g_gwangg,일상
underarmour_g_gwangg,suwon
underarmour_g_gwangg,instagram
underarmour_g_gwangg,수원
street8oy,신발
street8oy,농구스타그램
street8oy,streetboykr
street8oy,엠비드1
street8oy,신발스타그램
street8oy,embiid1
street8oy,농스타그램
street8oy,언더아머
street8oy,basketball
street8oy,sneakerhead
street8oy,운동화
street8oy,kickstagram
street8oy,street8oy
street8oy,basketballshoe
street8oy,kicks
street8oy,농구
street8oy,underarmour
street8oy,sneakernews
street8oy,농구화
street8oy,스트릿보이
street8oy,슈스타그램
underarmour_enter6.a,repost
underarmour_enter6.a,underarmourkr
underarmour_enter6.a,언더아머
underarmour_enter6.a,projectrock
underarmour_enter6.a,안양언더아머
underarmour_enter6.a,운동하는
underarmour_enter6.a,underarmour
underarmour_enter6.a,골스타그램
underarmour_enter6.a,다이어트
underarmour_enter6.a,안양
underarmour_enter6.a,트랙
underarmour_enter6.a,필라테스
underarmour_enter6.a,언더아머안양점
underarmour_enter6.a,운동복
underarmour_enter6.a,헬스
underarmour_enter6.a,운동하는남자
underarmour_enter6.a,운동하는직장인
underarmour_enter6.a,underarmourkr
underarmour_enter6.a,골프
underarmour_enter6.a,안양헬스
underarmour_enter6.a,안양필라테스
underarmour_enter6.a,언더아머트랙
underarmour_enter6.a,언더아머
underarmour_enter6.a,웨이트
underarmour_enter6.a,운동하는여자
underarmour_enter6.a,좋반
underarmour_enter6.a,스포츠트랙
underarmour_enter6.a,트레이너
underarmour_enter6.a,운스타그램
hyeok_but_colleague,사격
hyeok_but_colleague,운동선수
hyeok_but_colleague,대신중
hyeok_but_colleague,단체복
hyeok_but_colleague,대신고
hyeok_but_colleague,언더아머
hyeok_but_colleague,사격선수
underarmour_shinsega,후리스
underarmour_shinsega,basketball
underarmour_shinsega,언더아머신세계대구점
underarmour_shinsega,uafleece
underarmour_shinsega,underarmourkr
underarmour_shinsega,언더아머
underarmour_shinsega,헬스
underarmour_shinsega,후드
underarmour_shinsega,hoodie
underarmour_shinsega,sherpa
underarmour_shinsega,golf
underarmour_shinsega,fitness
underarmour_shinsega,피트니스
underarmour_shinsega,축구
underarmour_shinsega,gym
underarmour_shinsega,런닝화
underarmour_shinsega,런닝
underarmour_shinsega,uasherpa
underarmour_shinsega,트레이닝
underarmour_shinsega,플리스
underarmour_shinsega,셰르파
underarmour_shinsega,theonlywayisthrough
underarmour_shinsega,running
underarmour_shinsega,언더아머호버
underarmour_shinsega,underarmour
underarmour_shinsega,신세계대구점
underarmour_shinsega,training
underarmour_shinsega,농구
underarmour_shinsega,바람막이
lanrete__,mapmyrun
lanrete__,도봉
lanrete__,underarmourkr
lanrete__,mmr
lanrete__,링거워터
lanrete__,운동하는여자
lanrete__,북서울꿈의숲
lanrete__,운동스타그램
lanrete__,런스타그램
lanrete__,언더아머
lanrete__,맵마이런
lanrete__,강북
lanrete__,서울스탬프러닝챌린지
lanrete__,스트릭
lanrete__,스탬프러닝챌린지
lanrete__,호버팬텀2
lanrete__,노원
lanrete__,레드불
lanrete__,redbool
lanrete__,링티플러스
hidori85,테닐윈드
hidori85,두정동카페
hidori85,m65
hidori85,언더아머
hidori85,불당동카페
hidori85,코트
hidori85,천안
hidori85,야상
hidori85,나이키
hidori85,후드트레이닝
hidori85,캡
hidori85,kiriun
hidori85,안경
hidori85,비니
Null,오오티디
Null,맞팔
Null,농구
Null,헬스타그램
Null,fashion
Null,웨이트트레이닝
Null,좋아요
Null,바디
Null,트레이너
Null,소통
Null,workout
Null,셀피
Null,일상
Null,몸스타그램
Null,daily
Null,운동하는여자
Null,언더아머
Null,데일리
Null,셀스타그램
Null,패션
Null,힙합
Null,ootd
Null,selfie
Null,내추럴
Null,운동하는남자
Null,운동
Null,dm
Null,헬스
jenny_is_jenny__,명품시계
jenny_is_jenny__,폰꾸
jenny_is_jenny__,강아지
jenny_is_jenny__,마스크목걸이
jenny_is_jenny__,폰꾸미기
jenny_is_jenny__,키링
jenny_is_jenny__,마스크스트랩
jenny_is_jenny__,명품가방
jenny_is_jenny__,아이폰케이스
jenny_is_jenny__,강아지스타그램
jenny_is_jenny__,젤네일
jenny_is_jenny__,캐릭터디자인
jenny_is_jenny__,갤럭시케이스
jenny_is_jenny__,좋아요반사
jenny_is_jenny__,좋반
jenny_is_jenny__,칼좋반
jenny_is_jenny__,운전하는여자
jenny_is_jenny__,문구덕후
jenny_is_jenny__,국내여행
jenny_is_jenny__,칼맞팔
jenny_is_jenny__,자체제작
jenny_is_jenny__,이벤트
jenny_is_jenny__,문구점
jenny_is_jenny__,나이키
jenny_is_jenny__,폰케이스
jenny_is_jenny__,언더아머
jenny_is_jenny__,운동하는여자
jenny_is_jenny__,문덕
jenny_is_jenny__,폰스트랩
jenny_is_jenny__,캐릭터네일
seol_eric posted on ,w스퀘어
seol_eric posted on ,헬창
seol_eric posted on ,헬린이
seol_eric posted on ,시키샵
seol_eric posted on ,쫄쫄이
seol_eric posted on ,가민645music
seol_eric posted on ,나이키줌플라이3
seol_eric posted on ,웨이트트레이닝
seol_eric posted on ,런스타그램
seol_eric posted on ,가민
seol_eric posted on ,언더아머쫄쫄이
seol_eric posted on ,더바램헤어
seol_eric posted on ,언더아머
seol_eric posted on ,나이키
seol_eric posted on ,달리기
seol_eric posted on ,us타운용호점
underarmour_lottejam,롯데백화점
underarmour_lottejam,잠실점
underarmour_lottejam,underarmour
underarmour_lottejam,ua논후드다운재킷
underarmour_lottejam,헬스타그램
underarmour_lottejam,남자코디
underarmour_lottejam,강사
underarmour_lottejam,아웃핏
underarmour_lottejam,팔로우
underarmour_lottejam,선팔
underarmour_lottejam,헬스
underarmour_lottejam,후리스
underarmour_lottejam,패딩
underarmour_lottejam,좋아요
underarmour_lottejam,패딩추천
underarmour_lottejam,오오티디
underarmour_lottejam,운동스타그램
underarmour_lottejam,운동
underarmour_lottejam,언더아머
underarmour_lottejam,맞팔
underarmour_lottejam,인스타
underarmour_lottejam,트레이너
underarmour_lottejam,헬스장
underarmour_lottejam,운동하는남자
l_llllll0: “드디어 러너웨이,마라톤
l_llllll0: “드디어 러너웨이,러닝
l_llllll0: “드디어 러너웨이,러너웨이
l_llllll0: “드디어 러너웨이,서울스탬프러닝챌린지
l_llllll0: “드디어 러너웨이,조깅
l_llllll0: “드디어 러너웨이,스트릭
l_llllll0: “드디어 러너웨이,운동하는여자
l_llllll0: “드디어 러너웨이,달리기
l_llllll0: “드디어 러너웨이,아우어런
l_llllll0: “드디어 러너웨이,러닝크루
l_llllll0: “드디어 러너웨이,runner
l_llllll0: “드디어 러너웨이,챌린지
l_llllll0: “드디어 러너웨이,런스타그램
l_llllll0: “드디어 러너웨이,링티플러스
l_llllll0: “드디어 러너웨이,맵마이런
l_llllll0: “드디어 러너웨이,레드불
l_llllll0: “드디어 러너웨이,운동
l_llllll0: “드디어 러너웨이,달리기그램
l_llllll0: “드디어 러너웨이,운동스타그램
l_llllll0: “드디어 러너웨이,running
l_llllll0: “드디어 러너웨이,언더아머
l_llllll0: “드디어 러너웨이,런린이
l_llllll0: “드디어 러너웨이,러너
dazedkorea,언더아머스포츠다운
dazedkorea,underarmourkr
dazedkorea,협찬
dazedkorea,오직돌파
dazedkorea,언더아머패딩
dazedkorea,언더아머
dazedkorea,언더아머다운자켓
l_llllll0,러너
l_llllll0,러닝크루
l_llllll0,조깅
l_llllll0,서울스탬프러닝챌린지
l_llllll0,스트릭
l_llllll0,언더아머
l_llllll0,달리기그램
l_llllll0,runner
l_llllll0,챌린지
l_llllll0,아우어런
l_llllll0,맵마이런
l_llllll0,러닝
l_llllll0,레드불
l_llllll0,달리기
l_llllll0,런스타그램
l_llllll0,링티플러스
l_llllll0,런린이
l_llllll0,마라톤
l_llllll0,운동
l_llllll0,운동스타그램
l_llllll0,운동하는여자
l_llllll0,running
underarmour_lottejam,출근
underarmour_lottejam,후리스추천
underarmour_lottejam,후리스
underarmour_lottejam,자켓
underarmour_lottejam,헬스
underarmour_lottejam,겨울
underarmour_lottejam,운동복
underarmour_lottejam,강사
underarmour_lottejam,운동
underarmour_lottejam,ua셰르파스웨킷
underarmour_lottejam,플리스자켓
underarmour_lottejam,언더아머
underarmour_lottejam,점심
underarmour_lottejam,남자옷
underarmour_lottejam,헬스장
underarmour_lottejam,셰르파
underarmour_lottejam,운동하는남자
underarmour_lottejam,트레이너
underarmour_lottejam,날씨
underarmour_lottejam,롯데백화점
underarmour_lottejam,underarmour
underarmour_lottejam,점심추천
underarmour_lottejam,양털자켓
underarmour_lottejam,잠실점
underarmour_lottejam,추천
_sr2y_ on Instagra,selfie
_sr2y_ on Instagra,승무원
_sr2y_ on Instagra,아시아나항공
_sr2y_ on Instagra,followforfollowback
_sr2y_ on Instagra,얼짱
_sr2y_ on Instagra,instamood
_sr2y_ on Instagra,오늘의훈녀
_sr2y_ on Instagra,instagram
_sr2y_ on Instagra,4
_sr2y_ on Instagra,대한항공
_sr2y_ on Instagra,selca
_sr2y_ on Instagra,3
_sr2y_ on Instagra,대전
_sr2y_ on Instagra,항공서비스과
_sr2y_ on Instagra,모델
_sr2y_ on Instagra,항공과
_sr2y_ on Instagra,언더아머
_sr2y_ on Instagra,청주
_sr2y_ on Instagra,일상
_sr2y_ on Instagra,ootd
_sr2y_ on Instagra,훈남
_sr2y_ on Instagra,daily
_sr2y_ on Instagra,항공운항과
_sr2y_ on Instagra,아시아나
_sr2y_ on Instagra,instagood
_sr2y_ on Instagra,model
_sr2y_ on Instagra,대한항공승무원
_sr2y_ on Instagra,훈녀
_sr2y_ on Instagra,2
e.p.da_choo,샵어패럴
e.p.da_choo,즐기는삶을살자
e.p.da_choo,블랙벤치
e.p.da_choo,부천스포애니
e.p.da_choo,센터접수
e.p.da_choo,스포애니심곡본동점
e.p.da_choo,4인방
e.p.da_choo,스포애니심곡점
e.p.da_choo,피지코어패럴
e.p.da_choo,퐈이팅💪
e.p.da_choo,헬창남들
e.p.da_choo,언더아머
e.p.da_choo,스포애니
nameime_,걷기
nameime_,언더아머
maro_hwan,목동
maro_hwan,마로그램😄
maro_hwan,캘리그라피
gpluv_forever_ever,acroriverpark
gpluv_forever_ever,stamprunning
gpluv_forever_ever,outdoorpengsoo
gpluv_forever_ever,반포한강공원
gpluv_forever_ever,untactrunningchallenge
gpluv_forever_ever,운동하려고건강하지
gpluv_forever_ever,seoulstamprunning
gpluv_forever_ever,underarmour
gpluv_forever_ever,흑석역
gpluv_forever_ever,도장깨기달펭
gpluv_forever_ever,스트릭
gpluv_forever_ever,stampchallenge
gpluv_forever_ever,운동하는펭수
gpluv_forever_ever,untactrunning
gpluv_forever_ever,언더아머
gpluv_forever_ever,신반포
gpluv_forever_ever,서울스탬프러닝챌린지
gpluv_forever_ever,동작역
gpluv_forever_ever,내몸은소중하니까
gpluv_forever_ever,맵마이런
gpluv_forever_ever,언제어디서나펭수와함께
gpluv_forever_ever,헬린이펭수
gpluv_forever_ever,레드불
gpluv_forever_ever,링티플러스
gpluv_forever_ever,stamprun
gpluv_forever_ever,서래섬나들목
gpluv_forever_ever,구반포➡
gpluv_forever_ever,헤밍웨이
1999_deuk,언더아머
1999_deuk,화난다
1999_deuk,직업군인
1999_deuk,아이폰
1999_deuk,군인
1999_deuk,선팔
1999_deuk,선팔하면맞팔
1999_deuk,충북
1999_deuk,증평
1999_deuk,군스타그램
1999_deuk,좋아요반사
1999_deuk,첫줄👋
1999_deuk,좋아요
1999_deuk,맞팔
1999_deuk,퇴근전
1999_deuk,스트레스폭발
sophiaseo,세븐데이즈
sgil_2,밤마실
sgil_2,쪼리
sgil_2,츄리닝
sgil_2,개판오분전
sgil_2,오징어숙회
Null,블랙야크알파인클럽
Null,영남알프스
Null,k2
Null,산
Null,k2클린백
Null,lnt
Null,블랙야크100대명산
Null,클린백
Null,savethenature
Null,등산스타그램
Null,산스타그램
Null,클린백챌린지
xxanghoyee_,sdp__3