,hashtag
아디다스,325
나이키,120
데일리룩,100
adidas,70
일상,67
맞팔,56
빈티지,54
ootd,48
오오티디,45
데일리,42
구제,41
선팔,39
아메카지,38
소통,38
좋아요,36
좋반,36
daily,35
좋아요반사,35
옷스타그램,34
dailylook,34
버버리,32
빈티지샵,32
패션스타그램,32
조던,32
슈프림,29
폴로,27
올드스쿨,26
바람막이,24
나이키매니아,24
패션,24
미니멀룩,24
이지부스트,24
선팔하면맞팔,23
아메카지코디,22
스트릿패션,22
신발,22
빈티지룩,21
셀카,21
에어조던,21
fashion,21
워크웨어,20
nike,20
스트릿,20
구제샵,20
운동화,19
selfie,19
얼스타그램,18
광장시장,18
airjordan,18
남자목걸이,17
반스,17
팔로우,17
테크웨어,17
조던1,17
발렌시아가,17
우원재,16
fff,16
에어조던1,16
미니멀리즘,16
재키와,16
비와이,16
미니멀패션,16
운동,16
남자코디룩,16
미니멀코디,16
airjordan1retrohigh,16
피스마이너스원,16
도끼,16
에어조던1하이,16
yeezy,15
동묘,15
맨투맨,15
홍대빈티지,15
아메카지룩,15
스투시,15
셀피,14
팔라스,14
부산,14
레플리카,14
구제옷,14
일상스타그램,13
오프화이트,13
데일리코디,13
후드티,13
구찌,13
supreme,12
뉴발란스,12
운동스타그램,12
운동하는남자,12
육아,11
트랙팬츠,11
태권도,11
대구,11
아디다스키즈,10
코디,10
베이프,10
라코스테,10
아디다스오리지널스,10
지방시,10
패딩,10
데일리룩코디,10
신발스타그램,10
운동하는여자,9
셔츠,9
vintage,9
여자빈티지,9
루이비통,9
축구,9
꼼데가르송,9
수입빈티지,9
아디다스운동화,9
샤넬,9
💚세컨드판완💚,9
남자빈티지,9
쇼핑,8
입생로랑,8
랄프로렌,8
여성빈티지,8
아디다스오리지널,8
코디추천,8
랑방,8
jordan,8
동묘구제시장,8
광주,8
판매,8
원피스,8
디올,8
레플,8
휴무,8
이지부스트350,8
미하라,8
세컨핸즈,8
남성빈티지,8
블루종,8
명품,8
뽀글이,8
신상,8
해운대,8
l4l,8
타미힐피거,8
커플룩,8
낡은옷장,8
그런지룩,8
김요한,7
광장,7
스타일,7
면자켓,7
올클로젯,7
뽀글로젯구매가능,7
칼하트,7
위아이,7
푸마,7
아디다스컴뱃스포츠,7
follow,7
셀스타그램,7
인친,7
style,7
풋살,7
프라다,7
톰브라운,7
오늘의코디,7
구제의류,7
김동한,7
헬린이,7
바디프로필,7
수입구제,7
아들바보,7
뽀글로젯,7
풋셀,7
아메카지스타일,6
일본빈티지,6
태권도도복,6
빈티지룩쇼핑몰,6
빈티지룩오오티디,6
케이콘택트,6
합기도,6
빈티지룩마켓,6
후리스,6
남자데일리룩,6
패밀리룩,6
빈티지룩추천,6
nba,6
데일리룩추천,6
데일리패션,6
첫줄,6
맛집,6
도치맘,6
데일리룩그램,6
빈티지룩패션,6
ysl,6
합기도도복,6
육아맘,6
빈티지룩북,6
가족,6
동성로,6
vans,6
아메카지룩코디,6
아메카지샵,6
아들스타그램,6
스니커즈,6
빈티지룩맛집,6
아들맘,6
f4f,6
instagood,6
yeezyboost,6
아메카지패션,6
커플,6
빈티지룩키즈,6
빈티지룩코디,6
힙합,6
테니스,5
차,5
패딩추천,5
할리,5
shoes,5
사진맛집,5
팔로우환영,5
ufc,5
스톤아일랜드,5
삼선츄리닝,5
무한루프,5
아디다스트랙팬츠,5
운동복,5
맥주,5
명품신발,5
빈티지옷가게,5
가을코디,5
소주,5
나이키추리닝,5
츄리닝,5
둥이맘,5
아웃핏,5
새차길들이기,5
like4follow,5
나이키츄리닝,5
휴무스타그램,5
아들,5
스트릿룩,5
팝니다,5
후드,5
드라이브,5
맨투맨추천,5
먹스타그램,5
이지700,5
조거팬츠,5
나이키바지,5
몽클레어,5
신스타그램,5
김군구매가능,5
에르메스,5
빈티지크롭,5
아디다스츄리닝,5
빈티지코디,5
ps4,5
자동차,5
캠핑,5
아이언맨,5
이지,5
오늘뭐입지,5
피규어,5
롱패딩,5
새차냄새,5
❄a3636,5
마블,5
육아스타그램,5
구제판매,5
맞팔해요,5
likeforlikes,5
아빠와아들,5
축구화,5
부부,5
빈티지판매,5
outfit,5
빈티지바막,5
비밀기지구매가능상품,5
jko구매가능,5
헬육아,5
스타패션,5
이지350,5
일상기록,5
임이지메이크업,4
차박,4
형제룩,4
bucketlist,4
자켓,4
맨투맨코디,4
adidasoriginals,4
선글라스,4
yeezy350,4
adidastrackpants,4
아디다스테니스화,4
moodmari,4
태권도사범님,4
풋살레슨,4
졸려,4
세종시맛집,4
셀레커,4
컨버스,4
아들래미,4
무드마리,4
대환영,4
폴라텍,4
크롬하츠,4
슈프림폴라텍,4
고양,4
생일토퍼,4
등산,4
런닝화,4
테니스인생,4
리셀,4
츄리닝뭐입지,4
직수입제품,4
아디다스이지,4
폴로니트,4
body,4
bts,4
연남동루프탑,4
airjordan13,4
celebkr,4
귀요미,4
레깅스,4
신발추천,4
스마일,4
❄a3631,4
루나씨엘로,4
연남동와인,4
산정동,4
koreanfashion,4
공주,4
아디다스빈티지,4
몸스타그램,4
bodyprofile,4
세종시여성의류,4
shoerack,4
드로우,4
조던13히갓게임,4
나매,4
트레이닝복,4
350지브라,4
육아소통,4
셀그램,4
세종시,4
오연서,4
네이비팬츠,4
yeezy700v3,4
sneakers,4
운동기록,4
아디다스츄리닝하의,4
조던13,4
남자풋살,4
taekwondo,4
반곡동,4
야타족,4
백일상,4
소담동옷가게,4
adidasswim,4
이지부스트지브라,4
아동복,4
슈스타그램,4
비몽사몽,4
사랑해,4
선팔맞팔,4
아디다스느낌,4
wefitness,4
tankerkim,4
대정,4
jordanhegotgame,4
성수동,4
아기,4
오연서인스타그램,4
겨울신상,4
hegotgame,4
자매룩,4
용산아디다스더베이스,4
슈프림매니아,4
풋셀스토어,4
탱커킴,4
버킷리스트,4
육아일상,4
abc마트,4
제주,4
파타고니아,4
혼성풋살,4
예비맘,4
남성풋살,4
독일제,4
아기스타그램,4
장꾸,4
세종시남성의류,4
오리지널팬츠,4
츄리닝네이비,4
츄리닝삘,4
돌잔치,4
소통해요,4
만삭촬영,4
머니건,4
나성동,4
vansslipon,4
히갓게임,4
좋반테러,4
셀프백일상,4
연남동파스타,4
맘스타그램,4
아식스,4
부부스타그램,4
프리템포,4
아디다스바람막이,4
헬스타그램,4
세종시옷가게,4
보람동,4
도치아빠,4
울산,4
슈락,4
지브라350,4
오연서패션,4
오뭐신,4
selstagram,4
미즈노,4
polartec,4
썬스포츠,4
아디다스신상의류,4
supremepolartec,4
풋셀커뮤니티,4
팔로미,4
남자쇼핑몰,4
여행,4
kfashion,4
최고의폴리스트링,4
연남동맛집,4
리복,4
ohyeonseo,4
체크슬립온,4
콜라보,4
경기도,4
위휘트니스,4
아디다스추리닝,4
나이키운동화,4
돌잔치답례품,4
하남2지구,4
캐주얼룩,4
몸매관리,4
오연서사복패션,4
빈티지패션,4
adidassoccer,4
츄리닝룩,4
츄리닝코디,4
남매룩,4
필라,4
커시범,4
얼집룩,4
다사로움태권도,4
jordan13,4
동대문최고의테니스샵,4
가을코디추천,4
후드자켓,4
footsell,4
용품문의,4
뷰티,3
기타수선,3
서울,3
육아일기,3
홍대,3
running,3
yeezyboost350v2,3
시지핫플레이스,3
아디다스져지,3
홈트,3
여자쇼핑몰,3
abcmart,3
좋아요맞팔,3
이지부스트350v2,3
빈티지마켓,3
발망,3
시지아디다스,3
패션피플,3
축구화창갈이,3
남성복,3
풋살장,3
커플신발,3
팔로우늘리기그램,3
newbalance,3
크롭코디,3
좋아요테러,3
져지,3
좋아요폭탄,3
맞좋아요,3
데스포르치,3
가을룩,3
yeezyboost350,3
레플리카쇼핑몰,3
쥐띠아기,3
동호회,3
명품티셔츠,3
아디다스수영,3
가죽덧댐,3
여자,3
하이퀄리티,3
아디다스패딩,3
풋살화창갈이,3
워킹맘,3
팔로미🙋,3
여성복,3
아디다스자켓,3
대구핫플,3
아디다스슈퍼스타,3
코트,3
명품패딩,3
창갈이,3
시지광장,3
대구핫플레이스,3
수영복,3
팔로우환영💕,3
구제마켓,3
스포츠웨어,3
야간풋살,3
조기축구,3
모자,3
고야드,3
맨투맨티셔츠,3
경상도,3
발렌티노,3
황금발축구화수선,3
좋아요그램,3
노스페이스,3
폴로랄프로렌,3
선팔환영,3
폴로셔츠,3
헬스,3
아디다스퍼포먼스,3
offwhite,3
수영복추천,3
신매동,3
등원룩,3
협찬,3
인스타,3
명품가방,3
여자코디,3
阿迪达斯,3
원피스수영복,3
스포츠양말,3
adidaskids,3
학생코디,3
2020년,3
오늘의훈남,3
빈티지샵추천,3
디엠문의,3
택배맛집,3
택배,3
점퍼,3
꾸안꾸,3
유아복,3
시지,3
아기모델,3
전국,3
풋살화,3
골프,3
수성구,3
시지핫플,3
출근룩,3
신매광장,3
축구화수선,3
풋살화수선,3
dailygram,3
일상그램,3
딸바보,3
아디다스이지부스트,3
selca,3
하루,3
강남,3
직장인,3
크롭,3
가을신상,3
golf,3
다이어트,3
무료배송😄,2
조단,2
aj7075,2
오늘,2
いいね返し,2
엄마,2
가을옷,2
디엠,2
アディダス,2
인천,2
아가신발,2
빈티지폴로,2
골든구스,2
추석선물,2
선물,2
미러급,2
카페,2
폴로패딩,2
제주도,2
언더아머,2
퀄리티,2
신상품입고☺,2
발렌시아가트리플s,2
kooavailable,2
www,2
오리지널,2
뉴발란스993,2
돌풍구매가능,2
발스타그램,2
숏패딩,2
의류,2
발작은성인용운동화,2
반려견,2
나이키삭스,2
슈퍼스타키즈,2
조던11,2
椰子,2
스톤,2
빈티지의류,2
니트가디건,2
쇼핑스타그램,2
양털베스트,2
쇼핑몰,2
남친룩,2
스파이더,2
빈티지추천,2
훈녀,2
팔로잉,2
챔피온재팬,2
워킹화,2
아디다스수퍼스타,2
puma,2
여행스타그램,2
아트닷컴,2
로고삭스,2
보드코리아,2
범내려온다,2
아디다스키즈운동화,2
하루의구매가능,2
정품급,2
ootd셀피,2
서면,2
lifestyle,2
shopping,2
중고나라,2
아디다스오리지날,2
청순섹시,2
슈즈스타그램,2
아디다스후드,2
나이키런,2
나이키맨투맨,2
폴로빈티지,2
앞머리,2
세젤귀,2
남자옷추천,2
후드티추천,2
덩크,2
titleist,2
사진스타그램,2
육아템,2
like,2
fitness,2
에비씨마트,2
놈코어,2
椰子鞋,2
like4like,2
남포동,2
남자옷쇼핑몰,2
인스타그램,2
야자,2
칸예웨스트,2
감성,2
이미테이션,2
아디다스신상,2
무신사,2
아디다스아동화,2
좋테,2
일본,2
인스타베이비,2
운동코디,2
ootdfashion,2
웜업,2
나이키사카이,2
젝시믹스,2
바이에른뮌헨,2
웨이브러너,2
스쿼트,2
인스타데일리,2
베트멍,2
대전,2
유니크,2
정장,2
가을옷추천,2
아디다스삭스,2
나이키에어맥스97,2
bape,2
배드민턴,2
일상소통,2
리바이스,2
황금돼지띠아기,2
플렉스,2
뉴발,2
꼬까옷,2
김해,2
보드복,2
캐주얼,2
양재이마트점,2
엄브로,2
데이트,2
soccer,2
아기신발,2
운동복코디,2
라이프스타일,2
언더웨어,2
당일발송😆,2
신생아,2
양산,2
오즈위고,2
빈티지스토어,2
사카이,2
놈코어룩,2
식단,2
폴짝해외구매대행,2
스트릿브랜드,2
구찌라이톤,2
아디다스윈드브레이커,2
여성화,2
유치원,2
맞팔환영,2
꿈나무,2
뉴발란스키즈,2
소통스타그램,2
가디건,2
이태원,2
abc,2
커플스타그램,2
나이키빈티지,2
양말,2
명품클러치백,2
기장,2
광주아디다스,2
레트로,2
가을,2
롱코트,2
日常,2
양재,2
구제쇼핑몰,2
운동화추천,2
여자옷추천,2
에어포스,2
여자옷쇼핑몰,2
팔로워,2
ㅋㅋㅋ,2
홍대빈티지샵,2
hypebeast,2
후드집업,2
슈즈베베,2
스노우보드,2
발렌시아가스피드러너,2
옷,2
빈티지맛집,2
에이비씨마트,2
jogger,2
スニーカー,2
아디다스이지부스트350,2
代購,2
키즈,2
줌인구매가능,2
수퍼스타키즈,2
레플스니커즈,2
슈퍼스타아동화,2
빈티지숍,2
크루삭스,2
바람막이코디,2
천안,2
옷맛집,2
올드스쿨룩,2
홈트레이닝,2
번개장터,2
공복운동,2
헬스양말,2
스노보드,2
훈남,2
나이키패딩,2
남자코디,2
japan,2
나이키조던,2
아산맘,2
유아,2
아디다스이지칼라바사스트랙팬츠,2
좋반사,2
셀카그램,2
안녕,2
발작은여성,2
여자운동화,2
11208,2
명품옷,2
크롭티코디,2
남자운동화,2
99,2
나이키바람막이,2
하체,2
폴짝몰,2
아디다스신발,2
레플신발,2
사진,2
이제,2
댓글,2
꾸안꾸스타일,2
숏스키,1
jjj자운드,1
엄마는,1
단목양말,1
love,1
맞팔댓글,1
여름휴가룩,1
르브론8,1
프랑스월드컵,1
럭키그린,1
비키니,1
빈야사,1
푸드스타그램,1
삼산,1
neverstop,1
테일윈드,1
하루종일땡땡이,1
마스야드,1
morningwrite,1
땡땡이양말,1
요즘코디,1
술스타그램,1
비개인아침,1
바람막이점퍼,1
adidashoodie,1
이놈의정신머리,1
복근운동,1
카나타,1
의정부시,1
잔디,1
술쇼핑,1
리복팔라스,1
내사랑체고😍,1
두바이여행,1
pikachu,1
부츠,1
빈티지아디다스,1
버버리니트,1
폴로베어,1
vintagestyle,1
골프양말,1
드레스,1
식단일지,1
뮌헨트레이닝,1
인스타골프,1
버버리셔츠,1
운동화득템,1
퍼후드,1
하하하,1
거울샷,1
런던포그코트,1
연갈색,1
사랑둥이소율❤,1
주니어후드,1
이지750,1
긴양말,1
저렴함,1
김포배드민턴,1
파워리프팅,1
스키어,1
vntgldv,1
힙색,1
운동일지,1
휘리릭,1
likesforlike,1
폴댄스,1
아빠와딸,1
빈티지매니아,1
울리치니트,1
연차찬스,1
인생템,1
하리피플,1
아빠랑딸,1
새신,1
루크스카이워커,1
폴로코트,1
옵덩,1
iphone11,1
신발덕후,1
어스앤런버추얼,1
nbabasketball,1
맥스1,1
트리플스트리트,1
다이나핏,1
blackpink,1
팔로우늘리기,1
스웨이드자켓,1
공홈,1
티셔츠,1
나인도츠신상,1
유지어터,1
야구스타그램,1
ring,1
이른둥이맘,1
bmw7,1
크림콜드브루,1
여주데이트,1
좋반테러반사,1
연남동빈티지,1
bag,1
즐겁게,1
의류판매,1
flex,1
이지부스트카본,1
빅사이즈,1
스타일로고,1
레아,1
살로몬,1
프로붙임머리러,1
브랜드양말,1
home,1
광주키즈의류,1
disabled,1
시트린,1
24,1
세정키즈,1
아이다스골프웨어,1
길버트아레나스,1
athleisure,1
프로염색러,1
마르지엘라,1
유모차산책,1
애슬레저,1
종영오빠,1
공동구매,1
꾸안꾸룩,1
休闲,1
chanel,1
축구장,1
룩북,1
테린이,1
신발커스텀,1
인생살면서신은가장비싼신발,1
아디다스키즈토들러,1
에비씨마트충주모다아울렛점,1
데이트좋아,1
딸바보아빠,1
이쁜옷,1
proground,1
followｍe,1
벌크업,1
아이싱티셔츠,1
구래동,1
구제의류판매,1
요한,1
다이어터,1
이날치밴드,1
패딩맛집,1
복싱,1
공부하다,1
남자가을코디,1
nikeldv,1
입생로랑모직코트,1
안성스타필드,1
중간고사,1
남자친구선물,1
nikevntgldv,1
snow,1
amazinggrace,1
음악듣기,1
sneakersnstuff,1
jordandelta,1
할미집에서🏡,1
장목양말,1
르브론농구화,1
韓國adidas,1
남자자켓,1
아디다스단화,1
클러치,1
gucci,1
맥스97,1
겨울패딩,1
홍대피플,1
98년생,1
dubaitravel,1
underarmour,1
selfi,1
제논,1
매일운동,1
양모자켓,1
창원,1
franceworldcup,1
design,1
호빈티지구매가능,1
waxcarving,1
키즈패딩,1
런스타하이크,1
수원맛집,1
adidasmania,1
instadaily,1
커스텀,1
yeezy350v2,1
오리지날,1
공항패션,1
칼라바사스,1
michaelkors,1
홈플러스대구점,1
데크튜닝,1
키즈의류,1
solesversussoles,1
a형여자,1
오오티디룩,1
아디다스매니아,1
배드민턴복,1
예쁜바람막이,1
흥폭발,1
구제폴로,1
여자골프웨어,1
아디다스맨투맨,1
공주님,1
フォローバック,1
탄방동,1
jennie,1
초딩,1
블로그,1
힙한코디,1
98style韓國代購,1
엄마와아들,1
잇템,1
광산구청,1
나이키덩크하이,1
득근,1
홍천,1
iabstudio,1
모노키니,1
경남대,1
우도,1
맥스98,1
rolex,1
아들맘소통,1
마산대,1
여성양말,1
이지부스트트리플블랙,1
아크테릭스,1
삼선삭스,1
cafe,1
주니어의류,1
유튜브채널,1
sneakerhouse,1
상도동요가,1
kanyewest,1
남자은반지,1
프로야구,1
kitsoutchallenge,1
김포,1
푸쉬업,1
아웃도어,1
goodwrite,1
airjordan5,1
신세계백화점,1
adidassnowboarding,1
덤프스트럭,1
tennisgirl,1
집으로,1
관광스키어,1
동묘패션,1
더블블레이져,1
청바지,1
불타는,1
스타필드고양,1
퓨리,1
1일1신발,1
소노펠리체,1
3대운동,1
tattoodesign,1
빈폴,1
혼혈,1
네달란드,1
iugamakaras,1
체력,1
silverjewelry,1
민턴치는여자,1
나이키크루삭스,1
젝시믹스맨즈,1
s급레플리카,1
이우가마카라스,1
지네병,1
아디다스운동화s급,1
아디다스크루삭스,1
쉬어가기,1
자켓추천,1
은행동,1
셔츠추천,1
트레셔,1
퍼스트짐웨어,1
아디컬러,1
4만원이요,1
올드스쿨샵,1
🌞,1
구찌띠로고,1
lit,1
시러,1
칠성동홈플러스,1
빈티지져지,1
뉴욕양키스,1
아디다스풋살화,1
운동하는소방관,1
요가스타그램,1
9dots,1
자녀사랑,1
너때문이야,1
구찌가방,1
폴로스포츠,1
울산모다아울렛,1
찐,1
model,1
스텐스미스,1
첫줄좋반,1
타이틀리스트,1
무슨패션,1
아디다스빅로고,1
신혼부부,1
base,1
대구앙코르호텔,1
다운베스트,1
셀프세차,1
포켓몬스터,1
지쳤어요,1
레고블럭업,1
소주참는다,1
iamvintage,1
virgilabloh,1
마크곤잘레스후드,1
호날두,1
칸예,1
🤩,1
israfi,1
충무로맛집,1
사진찍기,1
2021시즌,1
일상코디,1
테니스복,1
예쁜옷,1
05,1
스키장,1
다음에또만나요👋,1
팔콘,1
비발디,1
체크자켓,1
아디다스벙거지,1
오트밀,1
스트로커스,1
jewelrydesign,1
나의베이비💕,1
주말보더,1
래플,1
맘에듬,1
보카시블레이져,1
데이트코스,1
직관,1
충남,1
피오소환하고싶네,1
루이비통신발,1
menring,1
jersey,1
둔산동,1
양산핫플,1
꼰티지바람막이,1
디스,1
안주스타그램,1
놀자,1
베이지후드,1
초보,1
자이온,1
임지헌,1
니트조끼,1
모아프리마켓,1
재팬베이프스토어,1
딜라이트요가,1
기업도시,1
fallinwinter,1
컴포트네버스탑,1
맘그타그램,1
오늘뭐신지,1
apc,1
아디다스레깅스,1
보고있나nike,1
남성양말,1
쇼핑추천,1
아페쎄,1
착장샷,1
마린세르,1
옵덩그린,1
카고팬츠,1
소미핏,1
이청용,1
폴로집업,1
bb9976,1
badminton,1
ヴェトモン,1
맛집스타그램,1
시작하기좋은날,1
asia,1
韓國,1
보세옷,1
감사합니다,1
엄마와딸,1
4iron,1
특전사,1
평화,1
💛💚,1
스포츠,1
개스타그램,1
충주,1
정말,1
동묘구제샵,1
이지350v2,1
알통클럽,1
유틸리티,1
2000k,1
adidasoriginal,1
작심하루,1
루미콩태닝,1
남자맨투맨,1
페어플레이,1
jk슈즈,1
르브론18,1
마크곤잘레스,1
코위찬,1
플라잉요가,1
구입은이미지클릭♥,1
포핸드,1
회전초밥,1
👨‍🚒,1
lj유소년축구클럽,1
나이키윈드브레이커,1
aw4884,1
내잠옷,1
양말추천,1
명사기증품경매,1
파리투나잇,1
남성패션,1
한일전,1
yummy,1
축스타그램,1
lacoste,1
보고있나adidas,1
실버,1
sebs,1
아빠코디,1
버버리야상,1
머리,1
군인,1
아디다스이미테이션,1
패션룩,1
여행브이로그,1
광주옷가게,1
아내사랑,1
수호신,1
modernnotoriety,1
kbo리그,1
valentino,1
해풍가마솥,1
jennierubyjane,1
hawkins,1
갬성,1
속초,1
아침선물,1
아이들맘에쏙,1
스타워즈레고,1
슈나우저,1
코어밸런스,1
디올코트,1
아산맛집,1
쉐보레,1
커플맨투맨,1
협찬문의,1
명품슈즈,1
yzy,1
이지700mnvn레플리카,1
수퍼스타,1
마호가니,1
여주프리미엄아울렛,1
dancer,1
22살,1
개인운동,1
카파매니아,1
koreangirl,1
좋은이웃,1
홍반장의마킹실,1
엘모,1
댄스부,1
addidas,1
쌍둥이맘,1
매일운동하기,1
강제협찬,1
회노,1
프리메드,1
남자옷코디,1
폴로떡볶이코트,1
三叶草,1
picture,1
10월,1
모녀스타그램,1
아디다스키즈다운점퍼,1
랄뽕,1
blackpinkjenie,1
잼께놀아,1
pxg,1
나이키오프화이트,1
주고받는정,1
가을셔츠,1
한솔로,1
시간부자,1
여성용,1
폴로모자,1
kia타이거즈,1
프린팅맨투맨,1
양주시,1
♿,1
rickowensadidas,1
98,1
나인도츠,1
협재,1
30대코디,1
연애중,1
나이키농구화,1
신세계충청점,1
야구장,1
맛집탐방,1
프레데터,1
xb,1
에이씨지,1
아메리카노,1
눈바디,1
행복,1
코트코디,1
travelgram,1
구제바람막이,1
피드,1
스니커테크,1
아디다스칼라양말,1
태그남겨용,1
00,1
고양이,1
지옥을,1
xxblue,1
맞핱환영,1
이지부스트스태틱r,1
6살,1
노스페이스후리스,1
포스,1
핫플레이스,1
헬스패션,1
운동소통,1
adias,1
streetfashionstyle,1
빈티지y구매가능,1
갈만한곳,1
오버핏,1
쉉교,1
palace,1
글로벌6k러닝대회,1
스키,1
햇빛,1
내사랑사랑한듀,1
ultraboost20,1
모닝산책,1
데일리그램,1
추카추카🎉,1
인싸템,1
용현동속눈썹,1
레깅스룩,1
소고기,1
팔굽혀펴기,1
일상생활,1
함덕,1
대한테니스협회,1
acg후드,1
8iron,1
likeme,1
잘살아,1
아디다스상설매장,1
폴로반집업니트,1
아침글,1
건대빈티지,1
时尚,1
아디다스후리스,1
덕이동아디다스,1
보고있나shd,1
블랙핑크,1
좋태,1
stackhouse,1
컴뱃부츠,1
wheelchair,1
축구선수유망주,1
첫드로잉,1
15개월아기,1
아이엠빈티지,1
추천,1
하운드투스패턴,1
헌팅니트,1
코로나19,1
쇼미더머니9,1
블랙앤화이트,1
1998,1
여자바람막이,1
스윔팬츠,1
패턴자켓,1
리사,1
expo,1
파주온더웨이브,1
뮌헨패딩,1
이렇게,1
양털조끼,1
동한,1
쿠션,1
대형마트,1
등운동,1
져지세트,1
03,1
위스타트,1
bodega,1
꼬물꼬물,1
baby,1
나이키후드,1
생일축하해,1
apc코트,1
hog3,1
filashoes,1
연차,1
에슬레저룩,1
사상애플아울렛,1
존예,1
2021자켓,1
여자양말,1
소방,1
비지니스,1
시즌준비,1
1월생아기,1
🔥,1
댄디,1
아디다스모직블루종,1
구미,1
adidas雨衣,1
韓國adidas代購,1
마스크와한세트,1
레아공주,1
무동,1
도복,1
paolinarusso,1
중목양말,1
비포애프더,1
장기동,1
러닝,1
한우,1
바다,1
커플티,1
육아템추천,1
안규리스타그램,1
시험끝,1
해산물,1
동성로폴댄스,1
댓거리,1
08,1
2020,1
멸치탈출,1
😁,1
챌린지,1
전마협,1
阿迪达斯三叶草,1
맥코트,1
운전할때들으면,1
아디다스조거,1
싱글블레이져,1
客製化韓國代購,1
나이키조던델타,1
반려견🐾,1
인생샷,1
kidsmodel,1
레어박스,1
싸이보그,1
어글리슈즈,1
dubaimall,1
루이비통백,1
성,1
랩,1
패션코디,1
세젤멋,1
이종영스타그램,1
하이퍼데님,1
오리지널레어박스,1
travelphotography,1
22,1
운동은잘안함,1
아디다스알파바운스슬라이드,1
패피,1
신발장,1
대구폴댄스,1
공용,1
취미,1
슈즈,1
오늘의훈녀,1
인친할인,1
전라인입고완료,1
ysl코트,1
오버핏셔츠,1
타투,1
출근글,1
딸꾸미기,1
following,1
vlog,1
보고싶었어,1
댄스,1
심심해,1
클라이마웜,1
연남동,1
최상급,1
휴가,1
silver925,1
rickowensonline,1
이예은,1
韓風,1
집업자켓,1
셋업,1
후딩스,1
열일,1
기아타이거즈,1
소통환영,1
퇴근룩,1
이지이스라피,1
이지부스트350이스라피,1
고퀄리티,1
children,1
천안맛집,1
테니스레슨일기,1
벨롭,1
로니아이,1
지옥,1
빈티지의류판매,1
일산,1
모직자켓,1
나를사랑,1
gd8480,1
아디다스s급레플리카,1
삼덕동,1
프로그라운드,1
검정,1
농구스타그램,1
파우자싱,1
스니커하우스,1
민턴그램,1
리바이스양털조끼,1
오리지널스,1
구찌연예인,1
nikedunk,1
시즌락카,1
헤링본블레이져,1
타미,1
경량패딩,1
뮌헨,1
메종마르지엘라,1
초보엄마,1
모델,1
tokyo,1
흰쥐띠아기,1
양산카페,1
나이키빠의외도결과,1
아디다스운동복,1
결혼,1
tennistagram,1
추억저장,1
kta테니스메이트,1
overgrailed,1
sports,1
운동패션,1
ccvpm_asset_management,1
snkrs,1
운양동,1
palaceskateboards,1
체크셔츠,1
니트추천,1
조거츄리닝,1
최강열정,1
생일겸해서,1
둥이모델,1
life,1
패테,1
스케쳐스,1
프리마켓,1
호텔,1
jtbc,1
diary,1
테크니스트땀복,1
tennis,1
reebok,1
렉토,1
오늘도화목한우리집,1
편한옷,1
읽고있나shd,1
테크니스트바람막이,1
로고양말,1
욕설금지,1
아니,1
알바코디,1
followforfollowback,1
제니,1
베이프재팬,1
goodmorning,1
오비완캐노비,1
아디다스운동화a급,1
골스타그램,1
아디다스신발레플리카,1
yeezystatic,1
민턴,1
남성코디,1
invincible,1
드로잉,1
마산,1
핫둘핫둘서울,1
나이키크롭티,1
보드펜츠,1
데쌍트,1
밀레니엄팔콘,1
맨유,1
아페쎄코트,1
비젼체육관,1
삭스스타그램,1
신발소통,1
빈티지ldv,1
leavework,1
styling,1
여주아울렛,1
빅로고,1
일상룩,1
시밀러룩,1
광주키즈,1
markgonzales,1
광고,1
제이피마켓,1
구공웨이브,1
라이벌리하이스타워즈,1
샤넬슈즈,1
배드민턴그램,1
카본,1
민트,1
빈티지옷,1
유행,1
양띠아들,1
fouja,1
충무로,1
당진,1
ファッション,1
기다리다,1
00년생,1
아이랑가볼만한곳,1
블랙핑크제니,1
combatboots,1
숏스키어,1
19,1
gilbertarenas,1
득탬,1
스타일난다,1
이지부스트700v2,1
두바이몰,1
올드스쿨바람막이,1
유아패션,1
웨이스트백,1
今日のアクセ,1
gym,1
운동양말,1
레트로패션,1
감사,1
kanata,1
남자데이트룩,1
대학생,1
likelike,1
instagolf,1
단련중,1
알바룩,1
짝짝이,1
라플,1
선팔하면맞팔가요,1
스왑밋,1
아디다스점퍼,1
고퀄,1
불꽃양말,1
딸램등교룩,1
drawing,1
도쿄,1
기대중,1
남친선물,1
나이키점퍼,1
日本生活,1
모다아울렛양산점,1
풋조이,1
질샌더,1
플라잉로우,1
pushup,1
퇴근시간,1
아노락,1
남자양말,1
af1,1
반더비크,1
23살,1
good,1
필라테스,1
컴포트스포츠양말,1
🏃🏃🏃🏃,1
점심시간,1
이따데리러갈께,1
육아맞팔,1
질렀다,1
숭의동속눈썹,1
컴포트양말,1
요가,1
travisscott,1
언넝집으로퇴근하쟈😅,1
디자인,1
학생스타그램🏫,1
매니아,1
이지부스트700mnvn레플리카,1
테니스타그램,1
스냅블록바람막이,1
이가미,1
나매인,1
아이랑갈만한곳,1
michaelkorsbag,1
남자반지,1
white,1
양산맘,1
이쯤이면병이지병이야🤦‍♀️,1
아코탭,1
롤렉스,1
쨍쨍,1
나만공부안해,1
태권도복,1
힙한패션,1
부산맘,1
댄서,1
폭풍업뎃,1
힘내라,1
벌크업식단,1
송도,1
테니스치는여자,1
팔로우👉🏻,1
너나사너나,1
prada,1
羽毛球,1
코로나꺼져,1
hyperdenim,1
220,1
아디바막,1
베이프스토어,1
photooftheday,1
12개월아기,1
신대방삼거리요가,1
나이키양말,1
kickstagram,1
인생첫슈퍼스타,1
맨체스터유나이티드,1
노스페이스플리스,1
살은못뺐지만,1
동부산,1
pushupchallenge,1
커플아이템,1
badmintonplayer,1
다스베이더,1
가을자켓,1
충주모다아울렛,1
경의중앙선,1
예쁜슈나우저❤️준이원이,1
빈티지감성,1
😳,1
버버리자켓,1
위스타마켓,1
빈티지맨투맨,1
강아지,1
아디다스캡모자,1
에이바우트커피,1
대구빈티지샵,1
descente,1
fit,1
football,1
복싱용품,1
남자친구반지,1
아디다스크롭티,1
김세희,1
맞춤,1
등교룩,1
호킨스,1
울트라부스트,1
toon,1
빼꼼,1
볼캡,1
배방맛집,1
orb,1
투수,1
오즈위고초크펄,1
개선물,1
어김없는일상,1
협재해숭욕장,1
거울,1
business,1
남녀공용,1
대한연맹폴댄스,1
후드티코디,1
부산맛집,1
spinalcordinjury,1
요가하는남자,1
겸둥이💕,1
코로나,1
패피녀,1
운동티셔츠,1
리바이스조끼,1
존잘,1
빽투더구매가능,1
키즈패션,1
いいね返します,1
오렌지색,1
몰까요,1
아디다스올드스쿨,1
adidasrickowens,1
닦자,1
부산운동,1
신발은,1
빨리와,1
시온,1
굼벵이업뎃,1
셀카삼매경,1
aj5,1
이지부스트700,1
oldschool,1
벙거지,1
musinsa,1
지네인간,1
아침10시,1
레플샵,1
칠지도,1
하타,1
등교,1
ge0356,1
24살,1
검은새🦅,1
테린이성장일기,1
구찌로퍼,1
크리스찬디올,1
67일차,1
시즌방,1
명품구제,1
육아그램,1
메가샵,1
fv3689,1
350v2,1
레고블럭방,1
세식구,1
여자패션,1
모닝런,1
런지,1
10월부지러너,1
supremenyc,1
목요일,1
태닝샵,1
韓國愛迪達,1
k리그올스타전2013,1
버거킹,1
잊지마,1
아디다스퍼프다운,1
ポケモン,1
성공노트,1
아디다스주니어,1
스타일픽,1
원주,1
23,1
구조대,1
헬스룩,1
ykk,1
럽스타그램❤️,1
이태원빈티지샵,1
환영,1
신제주,1
신천교,1
ccvpm,1
패테룩,1
쌍둥이아빠,1
원주맘,1
근손실,1
축구유니폼,1
무료배송,1
빽투더빈티지,1
마케팅,1
드라이버,1
아디다스바지,1
오프화이트덩크,1
instagram,1
조연탄,1
오디티팩,1
건대입구,1
오픈톡,1
라이벌리,1
아디다스골프웨어,1
퀄리티보장,1
hypedhaven,1
재미지다,1
아산옷가게,1
schnauzer,1
실착유니폼,1
운동화필요없다고,1
테라피,1
울리치,1
서울상암월드컵경기장,1
초록맛,1
일기그램,1
요즘애들,1
シュプリーム,1
이지350내추럴,1
애플아울렛,1
릭오웬스,1
라라브레드근처,1
아이들이행복한세상,1
asics,1
팔삭둥이,1
딸코디,1
좋반테러환영,1
아기병아리🐥,1
팔라스모자,1
originalrarebox,1
당떨어져,1
테디베어세트,1
베이프구매대행,1
nofilter,1
탄현,1
회식,1
카모플리스,1
참,1
successnote,1
韓版,1
염설희,1
대구맛집,1
완전부끄,1
더블탭스,1
아무도없어,1
youzee,1
내가운동하는지네니,1
복지리,1
라글란드레스,1
schoollook,1
highsnobiety,1
요가하는여자,1
성장일기,1
반사,1
아디다스핑크삭스,1
재능대,1
땡벌,1
가로수길,1
신발샷,1
카모후리스,1
배방옷가게,1
리복클래식,1
유지옴므,1
우리가족,1
뽀글이조끼,1
겨울시즌,1
fashionstyle,1
키즈모델,1
엑스엑스블루,1
아디다스이지부스트700mnvn,1
양산아디다스,1
foldercrew,1
농구화,1
자매그램,1
디스커버리,1
유지,1
척테일러,1
산책후간식,1
2살,1
단발머리,1
마라토너,1
아이더,1
롯데프리미엄아울렛이천점,1
세정아울렛키즈,1
스포츠삭스,1
f４f,1
엄궁헬스,1
체크셔츠코디,1
강서구맛집,1
kazu,1
フォロー,1
lebron18,1
야상추천,1
모노그램,1
이종영,1
베이프반팔티,1
보드자켓,1
아디다스신상품,1
굿샤인77,1
셀린느,1
손가락이잘못했네,1
빈티지바람막이,1
콜라보레이션,1
18,1
오빠체고,1
명품신상,1
퇴근글,1
양말맛집,1
카니예웨스트,1
까페,1
98style,1
홈플러스칠성,1
dailyjersey,1
르메르,1
캘러웨이,1
돕바,1
조끼패딩,1
니트코디,1
라임,1
경량패딩조끼,1
알통,1
스택하우스,1
등산스타그램,1
분당맛집,1
아디다스양털,1
일상속333,1
거울스타그램,1
엑블,1
일단은미아네🙏,1
아디다스신발s급,1
dior,1
신세계충청,1
shoppingmall,1
송민호,1
트레이더스,1
bmw,1
attendance,1
아디다스운동화레플리카,1
양현종,1
건대옷가게,1
두바이쇼핑,1
초딩들,1
흰양말,1
number0,1
titleistapparel,1
두바이라이프,1
tommyhillfiger,1
집,1
nationalgeographic,1
신발그램,1
kcontact,1
챔피온,1
출근룩코디,1
r,1
다녀왔단걸,1
아디다스릭오웬스,1
코파,1
윌슨,1
스폰서,1
아이폰12사전예약,1
1990빈티지,1
레인샵,1
겨울운동화,1
38000원,1
carbon,1
flpang,1
서귀포,1
패션정보,1
잘쓸게,1
제로페이,1
체크모직블레이져,1
베이프티셔츠,1
목동맛집,1
ld1000,1
아디다스상설,1
롤링스톤즈,1
shoppingday,1
패션양말,1
양털점퍼,1
schnauzer_lovers,1
건대입구역,1
스타일36,1
아펙스,1
동작구요가,1
코파20,1
amazingccvpm,1
위아자나눔장터,1
tennislife,1
3일천하,1
사상핫플,1
무신사랑해,1
꼰티지,1
폴로가디건,1
동묘룩,1
우리집1호,1
아디다스양말,1
badmintonindonesia,1
시험,1
원주기업도시,1
니트,1
동묘구제,1
아디다스골프,1
하체운동하는날,1
offwhitenike,1
지갑,1
아디다스윈터,1
offwhitedunk,1
이란성쌍둥이,1
아들둥이,1
초등학생,1
합성동,1
이뿜,1
파타고니아후리스,1
좋은글,1
손나은,1
마이링,1
아기옷,1
생활용품,1
연예인패션,1
ff,1
인친환영,1
계속영업중,1
청키빅볼,1
골프웨어,1
18일차,1
리코나인,1
부산아울렛신세계,1
트레이닝,1
twin,1
likey,1
아이디어스,1
🏸,1
somifit,1
민턴스타그램,1
비비안웨스트,1
삼성생명,1
기본삭스,1
해외,1
패션공부,1
아디다스eqt,1
스니커즈홍대줄서기,1
오늘도반짝여보자,1
삭스,1
fj5089,1
morningrun,1
balenciaga,1
블루남,1
주말스키어,1
커신,1
미우라,1
패셔니스타,1
히데토시,1
아디다스저지,1
14개월아기,1
챔피온돕바,1
르꼬끄스포츠,1
진심,1
디올사파리자켓,1
e일상,1
mm6,1
아디다스츄바카,1
보데가,1
700mnvn레플리카,1
소핑,1
shoestagram,1
쥐띠맘,1
하은일기ෆ⃛,1
셀프디테일링,1
런닝서포트93,1
피카츄,1
jewelrybrand,1
어떻게,1
블랙야크100대명산,1
울산핫플,1
ge0360,1
end,1
하나은행,1
뉴발2002,1
양털자켓,1
남동구,1
플팡,1
육아정보,1
바나프레소,1
스톤아일랜드가디건,1
쇼핑중독,1
uniform,1
좋아,1
라운딩,1
스포티지더볼드,1
평일데이트👫,1
miracle365,1
생일선물,1
jjeongbrow,1
lebron,1
stylepick,1
fi8263,1
런스타그램,1
鞋子,1
츄바카,1
pokemon,1
릭오웬스아디다스,1
농구,1
burton콜라보,1
대학로,1
xxb,1
학생룩,1
복싱화,1
컴포트,1
프라그먼트,1
오늘도,1
런너스클럽,1
레고,1
구찌신상,1
룩스타그램,1
슈나우져,1
엔비에이,1
02년생,1
골프스타그램,1
오늘뭐하지,1
핫플,1
푸쉬업챌린지,1
tiffany,1
바디,1
굳,1
김천,1
burburry,1
베이비모델,1
인동,1
deily,1
옷정보,1
쌍둥이,1
justdoit,1
휴일,1
signature,1
보테가베네타,1
성공하기위한첫걸음,1
バスケ,1
비발디파크,1
스타워즈다스베이더,1
패피아기,1
디테일링,1
귀여운아기,1
에어맥스,1
생일빵,1
댄스팀,1
젊줌마,1
stylenanda,1
달작지금,1
레드,1
신세계백화점충청점,1
겨울코디,1
새신을신고뛰어보자팔짝👟,1
남자바람막이,1
운동화선물,1
아디다스아노락,1
잘다녀와,1
프라다가방,1
로라이프,1
맛스타그램,1
폴,1
진짜로,1
명동,1
좋은신발신고좋은일만있고좋은곳만가길,1
스모크그레이,1
올드트래포드,1
대벙교,1
골프스윙,1
유니클로플리스,1
팔로,1
간지쩔,1
세차스타그램,1
converse,1
기능성과스타일을넘나드는,1
a급레플리카,1
jordan1,1
커버낫,1
하체운동,1
축구스폰서마킹,1
ldv,1
쇼핑몰추천,1
손뜨개니트,1
우소년,1
운동복브랜드,1
日常衣服,1
디키즈,1
deilylook,1
애견카시트,1
용인,1
jpmarket,1
빈티지고구매가능,1
피방,1
스노보드팬츠,1
힙스터,1
직장인코디,1
solecollector,1
빈티지버버리,1
럽스타,1
마킹,1
천안맘,1
iphone11pro,1
공부,1
커버올,1
나이키테일윈드79,1
남친신발,1
부산헬스,1
세정아울렛,1
젊줌마일상,1
adidasgolf,1
신상아디다스,1
수입의류,1
시윤이도항상출퇴근함,1
갤탭s3,1
오빠스타그램,1
관광보더,1
오갱끼데스까,1
いいね,1
아노락자켓,1
아파트,1
지방시더블블레이져,1
유아모델,1
홈플러스,1
제5원소,1
산책,1
런던포그면코트,1
패턴니트,1
동묘빈티지,1
요가일기,1
알비디,1
치랭스,1
디바인빈티지,1
광안리,1
첫생일파티,1
설쁘,1
ピカチュウ,1
해외당첨,1
좋반환영,1
마라톤클럽밴드,1
남매맘,1
대방동요가,1
boardkorea,1
이지부스트700v2이너시아,1
빈티지도매,1
memories,1
dunkhigh,1
육아맘소통,1
두바이,1
개이득,1
내외동,1
fearofgod,1
등원,1
딸스타그램,1
고딩,1
healthylifestyle,1
아쉬탕가,1
워크웨어룩,1
오토스케치북,1
adidas外套,1
윈드브레이커,1
캐주얼코디,1
adidaspants,1
🎃,1
빈지노,1
데상트,1
휘트니스,1
네가족신발모두행불상태인건안비밀😅,1
박물관,1
아디다스털기,1
lebon8,1
화양연화,1
illustration,1
당신은혼자가아니야,1
데이트룩,1
13년차부부,1
hometraining,1
badminton🏸,1
아디다스레플리카,1
생후189일,1
전투화,1
데일리스타그램,1
블루드래곤,1
커플코디,1
천안옷가게,1
이케아,1
베이프정품,1
아디다스복싱화,1
김포패션아울렛,1
아울렛쇼핑,1
와플레이서,1
스트릿코디,1
소통해요💕,1
달려서작품이된지금,1
여주여행,1
그림스타그램,1
럽스타그램,1
winter,1
백핸드,1
베이지운동화,1
모다아울렛,1
준준이들성장일기,1
야식스타그램,1
since2002,1
2개월아기,1
90s,1
나이키신발,1
하루다섯끼,1
youarenotalone,1
客製化代購服務,1
동성로옷가게,1
쩡브로우,1
나이키올드스쿨,1
옌감성,1
먹기위해,1
오늘뭐입지❓,1
운동인증,1
이사,1
황금돼지띠,1
airmax,1
쭌둥이,1
travelblogger,1
광팬,1
가족스타그램,1
배방맘,1
20대,1
렢스타그램,1
염색,1
운동화그램,1
있는것도멀쩡해서관짝에죄다넣어갈판이라고,1
경기,1
💪🏻,1
가족이최고,1
입생로랑코트,1
koreanboy,1
건강,1
가족사랑,1
코트맛집,1
소통🙆,1
ptsd,1
이른둥이기록,1
목동네일,1
제주한달살기,1
레플리카샵,1
수색역,1
상리,1
올드스쿨뮬,1
아디다스a급레플리카,1
반려견일상,1
얼굴이,1
토끼,1
audi,1
지방시블레이져,1
follow4like,1
니생일날,1
빈티지y,1
전마협마이런,1
아침전쟁,1
dailyfashion,1
客製化代購,1
discovery,1
いいね歓迎,1
맥스,1
맘소통,1
좋튀잡,1
황금돼지띠맘,1
therich,1
아디다스블루종,1
nakata,1
남성,1
basketball,1
아디다스롱패딩,1
길주tv,1
루크,1
코로나꺼져라,1
홈플대구,1
아트모스,1
꼬깔모자,1
rickowens,1
nikesb,1
건대데이트,1
스타워즈,1
반바지,1
해외파,1
90wave,1
세상에모든신발,1
신상품,1
합법적,1
모직블레이져,1
포항,1
아이모델,1
슬리퍼산책,1
기장카페,1
스노우보드자켓,1
바람막이추천,1
이른둥이,1
travel,1
패션그램,1
딸래미,1
먹방스타그램,1
lv,1
퍼후드집업,1
nhoolywood,1
덩크하이,1
차붐,1
fffffffffffffffffffffffffffffffffffffffffffffffffffffffffffffffffffffffffffffffffffffffffffffffffffffffffffffffffff,1
❤️,1
나카타,1
스물네살,1
이센셜,1
boxingshoes,1
부루스타호프,1
디엠구매쌉가능,1
vintagefashionwang,1
나이키덩크,1
촬영,1
